,Field_Id
centroid_x,-0.3141543797673385
median_20170819T082011_B10,-0.19734972443423743
median_20170715T081609_B10,-0.19673178975352706
min_20170819T082011_B10,-0.18893728245180078
mean_20170819T082011_B10,-0.18587858535405588
max_20170819T082011_B10,-0.18149621703272945
median_20170322T081611_B09,-0.175122093873418
min_20170819T082011_B02,-0.16385657169097645
median_20170312T082001_B09,-0.15809964985467262
min_20170819T082011_B03,-0.15700757793387884
median_20170819T082011_B02,-0.15230118221968542
mean_20170819T082011_B02,-0.14495354326627657
median_20170819T082011_B01,-0.14313805127799326
median_20170819T082011_B03,-0.14305261939130362
min_20170819T082011_B04,-0.14179432546729118
mean_20170819T082011_B03,-0.13677308002449945
min_20170819T082011_B05,-0.13591974251097846
min_20170715T081609_B10,-0.13545051084858956
corners,-0.13242089758513242
median_20170819T082011_B05,-0.1258197147087406
median_20170819T082011_B04,-0.1250760687128249
median_20170804T081559_B10,-0.12463268726680224
mean_20170715T081609_B10,-0.12386636089614507
mean_20170819T082011_B05,-0.12177716352201043
mean_20170819T082011_B04,-0.11930574973785438
std_20170210T082051_B06,-0.1179198202362729
mean_20170804T081559_B10,-0.11744805370981089
min_20170819T082011_B12,-0.11692005930743207
max_20170804T081559_B10,-0.11667635376626292
min_20170804T081559_B10,-0.11290447476657593
min_20170819T082011_B11,-0.11063635200917467
median_20170804T081559_B02,-0.10686648819680554
max_20170715T081609_B10,-0.10526678926065061
median_20170819T082011_B12,-0.10281783257515859
std_20170210T082051_B09,-0.10191669147724482
mean_20170804T081559_B02,-0.10164387450196684
median_20170804T081559_B03,-0.09996696220578005
std_20170210T082051_B8A,-0.09941299453320197
median_20170715T081609_B09,-0.09848482910625037
median_20170819T082011_B11,-0.09812711243255796
std_20170210T082051_B07,-0.09698859155605932
median_20170620T082011_B09,-0.09610229102032221
median_20170531T082011_B09,-0.09591271172379907
mean_20170819T082011_B12,-0.09528240712989243
mean_20170804T081559_B03,-0.0947195333300476
mean_20170819T082011_B11,-0.09422137340118417
median_20170710T082011_B09,-0.09400007697961267
std_20170210T082051_B08,-0.09319942391252678
min_20170804T081559_B02,-0.09301890379199071
median_20170804T081559_B01,-0.09278769541003215
max_20170819T082011_B05,-0.09121232832368661
std_20170210T082051_B05,-0.09115402728607694
std_20170210T082051_B11,-0.09024383533428179
std_20170210T082051_B02,-0.087852713317872
max_20170819T082011_B12,-0.08614945681960537
std_20170210T082051_B03,-0.08568106388029159
median_20170804T081559_B04,-0.08535768194966926
max_20170819T082011_B11,-0.08502347258330296
median_20170322T081611_B06,-0.08447084804789637
min_20170804T081559_B03,-0.08373681924695055
median_20170804T081559_B05,-0.0834386625048628
mean_20170322T081611_B09,-0.08226617988851288
max_20170819T082011_B02,-0.08200036945262061
std_20170210T082051_B01,-0.08167960804613504
std_20170210T082051_NDVI,-0.08114876934373175
min_20170312T082001_B09,-0.08112144498460937
mean_20170312T082001_B09,-0.08099024367023648
min_20170322T081611_B09,-0.07982771525394236
max_20170322T081611_B09,-0.07909174621828023
mean_20170804T081559_B04,-0.07851459550680116
median_20170131T082151_B09,-0.07836646788065174
min_20170804T081559_B04,-0.07721800274828688
mean_20170804T081559_B05,-0.07720708262516647
mean_20170322T081611_B06,-0.07695333598513604
max_20170312T082001_B09,-0.07684390815829133
median_20170210T082051_B01,-0.07675623566561177
max_20170210T082051_B06,-0.07642614859262747
std_20170819T082011_B10,-0.07624617859319514
std_20170804T081559_B10,-0.0762260014039391
std_20170210T082051_B12,-0.07587405364796602
median_20170322T081611_B08,-0.07560077520904863
std_20170210T082051_B04,-0.07455840338136241
max_20170804T081559_B02,-0.07431559583167582
max_20170210T082051_B02,-0.0740141303323432
contrast_20170210T082051_B02,-0.07399720713862493
max_20170210T082051_B01,-0.07327585506406604
max_20170819T082011_B04,-0.07156403944817308
mean_20170210T082051_B02,-0.07081938498746598
max_20170210T082051_B03,-0.07081488515139478
median_20170210T082051_B02,-0.0707659916369489
median_20170210T082051_B03,-0.07030394505030428
mean_20170210T082051_B03,-0.06937277210735472
mean_20170322T081611_B08,-0.06927198723412296
median_20170322T081611_B07,-0.06908015870634496
max_20170322T081611_B06,-0.06892156161871678
max_20170819T082011_B03,-0.06875944995533911
mean_20170322T081611_B8A,-0.06812327516519788
max_20170531T082011_B09,-0.06801282596231996
median_20170322T081611_B8A,-0.06758861870065336
max_20170210T082051_B09,-0.06726849629946054
mean_20170322T081611_B07,-0.06656615974844465
max_20170620T082011_B09,-0.06636497080724164
min_20170804T081559_B05,-0.06629618485384395
mean_20170620T082011_B09,-0.06563458966350826
mean_20170210T082051_B01,-0.06523305845875647
mean_20170531T082011_B09,-0.06475993677561223
median_20170131T082151_B11,-0.06412539033422014
max_20170210T082051_B05,-0.06278511064239818
max_20170322T081611_B8A,-0.0623074968366659
median_20170804T081559_B09,-0.062263461087702636
mean_20170715T081609_B09,-0.06183270295439617
min_20170715T081609_B09,-0.061304254388859836
dissimilarity_20170210T082051_B02,-0.06112589980136369
min_20170620T082011_B09,-0.06105556496723767
median_20170710T082011_B8A,-0.06070843623559817
min_20170531T082011_B09,-0.06060369782052904
median_20170819T082011_B09,-0.06056218274742267
homogeneity_20170819T082011_B08,-0.06016221900510335
max_20170322T081611_B07,-0.06005288565974518
max_20170804T081559_B03,-0.05969730441902864
min_20170322T081611_B06,-0.05964865185372878
homogeneity_20170531T082011_B03,-0.05949331942886094
max_20170804T081559_B05,-0.058855438668637496
min_20170131T082151_B11,-0.05860754255089715
min_20170819T082011_B01,-0.0577170548035627
median_20170210T082051_B09,-0.05732119535363601
contrast_20170210T082051_B03,-0.057299993605251925
max_20170715T081609_B09,-0.057120854817519905
max_20170210T082051_B07,-0.05656870664849822
mean_20170312T082001_B06,-0.05646114181318954
min_20170710T082011_B09,-0.05643216649928789
mean_20170710T082011_B09,-0.055770901960123694
median_20170710T082011_B08,-0.05554188789686766
std_20170101T082332_B07,-0.05550101518819527
max_20170210T082051_B04,-0.05547166482922773
max_20170210T082051_NDVI,-0.055413420924187724
median_20170312T082001_B06,-0.055223163120212235
max_20170322T081611_B08,-0.05446936675996505
min_20170312T082001_B11,-0.0541294872130314
std_20170101T082332_B06,-0.05411551518091452
min_20170322T081611_B08,-0.054040217356751026
median_20170804T081559_B12,-0.054008818108392496
min_20170322T081611_B07,-0.05386324080339245
mean_20170819T082011_B01,-0.05380507093370192
mean_20170210T082051_B09,-0.05375401668530607
median_20170312T082001_B11,-0.053632469464825576
median_20170131T082151_B10,-0.05334215663997546
min_20170210T082051_B01,-0.05310805598640226
std_20170101T082332_B08,-0.05297890847228842
median_20170210T082051_B05,-0.052890824157485576
mean_20170710T082011_B8A,-0.05277417962460908
min_20170804T081559_B12,-0.05239608235757863
median_20170804T081559_B11,-0.052253405497174034
std_20170101T082332_B8A,-0.052178782893540866
min_20170312T082001_B05,-0.05217453766036304
median_20170710T082011_B07,-0.05208786780467397
min_20170312T082001_B06,-0.05207346221779059
median_20170710T082011_B06,-0.051991350740756774
median_20170715T081609_B8A,-0.051568753461963796
mean_20170312T082001_B08,-0.05112456635874063
max_20170710T082011_B09,-0.05063486099684424
max_20170804T081559_B01,-0.05060116631539514
std_20170531T082011_B09,-0.05056118816905361
median_20170210T082051_B04,-0.0504634818494492
mean_20170804T081559_B01,-0.050361170786741634
mean_20170210T082051_B06,-0.050240770168091586
median_20170715T081609_B06,-0.05019740591273935
max_20170819T082011_B01,-0.0500403264101673
min_20170322T081611_B8A,-0.04998696068921244
median_20170312T082001_B05,-0.04997267259979993
mean_20170312T082001_B8A,-0.04989341885346833
mean_20170322T081611_NDVI,-0.04975808853905913
mean_20170131T082151_B11,-0.049642603981261135
correlation_20170210T082051_B08,-0.049421589333362693
mean_20170210T082051_B05,-0.04940331284142777
max_20170210T082051_B8A,-0.04935038676456571
min_20170804T081559_B01,-0.0492647274308059
max_20170210T082051_B11,-0.04915203798968213
median_20170715T081609_B08,-0.04911605865418318
median_20170131T082151_B12,-0.04904159737019468
homogeneity_20170531T082011_B02,-0.04887615970474344
dissimilarity_20170210T082051_B03,-0.04842903712519033
mean_20170210T082051_B04,-0.04836468887427689
homogeneity_20170620T082011_B03,-0.04828668778996266
median_20170312T082001_B08,-0.048150246345459266
max_20170210T082051_B12,-0.04801951691084241
max_20170210T082051_B08,-0.047482370957728615
max_20170131T082151_B09,-0.04721479865885822
min_20170312T082001_B08,-0.04658727993798409
mean_20170710T082011_B08,-0.04648172946522797
mean_20170715T081609_B05,-0.04640593535597511
min_20170210T082051_B02,-0.046382847737218444
mean_20170131T082151_B09,-0.04623173966324588
homogeneity_20170819T082011_B04,-0.046225143051526446
max_20170715T081609_B05,-0.04617355290153606
max_20170312T082001_B06,-0.04616393174402847
max_20170312T082001_B8A,-0.04604150217377462
median_20170715T081609_B05,-0.045842054325975816
min_20170531T082011_NDVI,-0.0458215188220975
dissimilarity_20170101T082332_B08,-0.045755843179041286
min_20170131T082151_B12,-0.04550000417030275
mean_20170804T081559_B11,-0.04508704108311401
mean_20170804T081559_B12,-0.04493274498349765
median_20170620T082011_B08,-0.04488470888727942
mean_20170620T082011_B8A,-0.04461475969933037
distances_to_3,-0.04453927658478441
mean_20170710T082011_B06,-0.04431943767664393
mean_20170312T082001_B11,-0.04430519642963977
mean_20170312T082001_B07,-0.04405362779645383
mean_20170710T082011_B07,-0.04385045388876844
std_20170531T082011_B06,-0.04383569709746244
median_20170715T081609_B07,-0.04360567885030952
max_20170804T081559_B04,-0.04316376852958912
min_20170804T081559_B11,-0.0430503353890061
min_20170210T082051_B03,-0.0430364099820305
mean_20170715T081609_B8A,-0.042968755914098725
correlation_20170804T081559_B08,-0.04294877962284383
homogeneity_20170131T082151_B03,-0.0428951695656549
median_20170210T082051_B06,-0.04280799422208011
max_20170312T082001_B11,-0.042796814496899205
min_20170710T082011_B8A,-0.042544971639586926
median_20170620T082011_B07,-0.04249286350431498
homogeneity_20170531T082011_B04,-0.04243503182496472
max_20170710T082011_B05,-0.042413553502487066
mean_20170710T082011_B05,-0.04213576823301079
mean_20170620T082011_B08,-0.04208744267283427
mean_20170312T082001_B05,-0.041991838905335976
median_20170710T082011_B05,-0.041852228355632584
median_20170620T082011_B8A,-0.04156417554240303
mean_20170804T081559_B09,-0.04154443881493368
min_20170322T081611_NDVI,-0.041287292394139405
std_20170531T082011_B07,-0.041152006404840825
min_20170131T082151_B09,-0.04114894787613037
std_20170531T082011_B8A,-0.040732846497130604
mean_20170620T082011_B07,-0.04069784682016581
mean_20170715T081609_B06,-0.04064789941064927
min_20170312T082001_B8A,-0.04046926322317812
homogeneity_20170322T081611_B03,-0.040306443480970906
max_20170312T082001_B07,-0.0401867489317946
homogeneity_20170819T082011_B02,-0.040091269478753404
max_20170804T081559_B11,-0.04002731535450569
energy_20170531T082011_B02,-0.03987492104493254
median_20170312T082001_B8A,-0.03972511692359085
min_20170804T081559_B09,-0.039630092997609494
max_20170710T082011_B8A,-0.03953708478092836
std_20170620T082011_B09,-0.03945011139248272
mean_20170715T081609_B08,-0.039425799956919506
min_20170715T081609_B11,-0.039393003242081115
contrast_20170101T082332_B08,-0.03932886890858926
max_20170804T081559_B12,-0.03886832539847827
min_20170620T082011_NDVI,-0.03881635134089015
energy_20170531T082011_B03,-0.03878387151691764
min_20170312T082001_B07,-0.038712184089752605
max_20170620T082011_B8A,-0.03850498228088301
max_20170131T082151_B11,-0.03830727976646348
max_20170804T081559_B09,-0.03817869400363309
median_20170715T081609_B03,-0.03814526177457429
mean_20170531T082011_B8A,-0.03795297458177437
min_20170819T082011_B09,-0.037902606375910565
std_20170131T082151_B8A,-0.03783380211406491
mean_20170531T082011_B08,-0.0377196679852071
median_20170620T082011_B06,-0.03761801920129985
std_20170131T082151_B07,-0.03755642272139094
homogeneity_20170131T082151_B02,-0.037303189370413325
std_20170322T081611_B06,-0.03728450543728917
max_20170620T082011_B07,-0.03718590404949582
mean_20170531T082011_B07,-0.037111316682087746
std_20170322T081611_B8A,-0.03674066899675657
max_20170312T082001_B08,-0.036226129086489825
homogeneity_20170312T082001_B02,-0.03617379173302535
std_20170620T082011_B8A,-0.03613282317569496
contrast_20170131T082151_B08,-0.03613229326043854
mean_20170620T082011_B06,-0.036096785622967816
homogeneity_20170322T081611_B02,-0.03597733250481125
mean_20170715T081609_B03,-0.035967632368815894
std_20170620T082011_B06,-0.03586888980233048
mean_20170531T082011_NDVI,-0.03569511280711093
std_20170210T082051_B10,-0.03567939056509229
std_20170131T082151_B06,-0.035529076908480034
max_20170710T082011_B06,-0.03544792731079853
mean_20170819T082011_B09,-0.035384298085277745
std_20170620T082011_B07,-0.035213717822224946
median_20170531T082011_B08,-0.0352132247628201
mean_20170531T082011_B06,-0.035074221680009614
min_20170710T082011_B11,-0.035073308107293574
std_20170101T082332_B09,-0.03493812442438222
mean_20170210T082051_B07,-0.03491800940856057
std_20170322T081611_B07,-0.03486975907354397
median_20170210T082051_B12,-0.03486975180028787
mean_20170131T082151_B12,-0.03481605402932594
median_20170131T082151_B05,-0.03460193136346025
median_20170312T082001_B07,-0.03455229290726613
homogeneity_20170312T082001_B03,-0.034523849723519455
min_20170710T082011_B07,-0.0341803989473324
std_20170715T081609_B05,-0.03417641799625461
min_20170715T081609_B05,-0.033888161705126464
mean_20170715T081609_B07,-0.03388572565511136
max_20170710T082011_B07,-0.03314361346846721
homogeneity_20170819T082011_B03,-0.03312548685403711
max_20170715T081609_B04,-0.033078204491375544
min_20170210T082051_B09,-0.03284171153925679
std_20170131T082151_B08,-0.032788180700641094
median_20170531T082011_B06,-0.03271836701112454
max_20170620T082011_B06,-0.0326267624664536
std_20170710T082011_B04,-0.032577970057004614
std_20170131T082151_B09,-0.03237896658563188
max_20170531T082011_B8A,-0.03215574566506557
max_20170819T082011_B09,-0.03207335422467883
max_20170531T082011_B06,-0.0317935726064014
min_20170131T082151_B05,-0.031779507454928066
energy_20170322T081611_B03,-0.03144068228108976
mean_20170620T082011_NDVI,-0.03127413154807217
dissimilarity_20170710T082011_B04,-0.031205108062637398
energy_20170131T082151_B02,-0.031196683023908173
median_20170531T082011_B07,-0.031135314424448786
std_20170710T082011_B05,-0.031052143071085336
min_20170710T082011_B05,-0.03090809268067365
max_20170715T081609_B06,-0.030897096742912113
correlation_20170819T082011_B08,-0.03083359192607924
mean_20170210T082051_B12,-0.030499197977514794
max_20170531T082011_B07,-0.03046622894741122
min_20170819T082011_B06,-0.030321841905483253
min_20170620T082011_B8A,-0.03010000894222152
max_20170210T082051_B10,-0.029976098614370374
median_20170210T082051_B11,-0.029908938685138164
median_20170531T082011_B8A,-0.029792487466613983
max_20170715T081609_B8A,-0.0297057512524695
min_20170710T082011_B06,-0.029487552917093596
min_20170715T081609_B8A,-0.029441719922120503
std_20170715T081609_B04,-0.029302842810779616
mean_20170715T081609_B11,-0.029115658992201508
correlation_20170804T081559_B04,-0.0288406076677801
min_20170131T082151_B03,-0.028832659621752306
mean_20170715T081609_B04,-0.028744018365118692
dissimilarity_20170710T082011_B03,-0.028392269715746706
min_20170210T082051_B04,-0.02835779963506067
min_20170312T082001_B03,-0.028216101775342086
std_20170531T082011_B08,-0.028130251148073788
homogeneity_20170804T081559_B08,-0.02779001332670704
median_20170804T081559_B06,-0.027644971358867426
contrast_20170710T082011_B04,-0.02758847920809563
max_20170131T082151_B12,-0.027405520293306607
std_20170715T081609_B06,-0.02737513956439333
median_20170210T082051_B10,-0.027310268204847065
std_20170322T081611_B09,-0.027223172997833063
correlation_20170804T081559_B02,-0.02714119704028031
mean_20170210T082051_B10,-0.027115282908116142
min_20170312T082001_NDVI,-0.026880774066949366
dissimilarity_20170710T082011_B02,-0.02684884021006589
max_20170312T082001_B05,-0.026828542323504578
median_20170210T082051_B07,-0.02680266225487683
mean_20170210T082051_B11,-0.02671877639478221
std_20170322T081611_B08,-0.0265623623736674
homogeneity_20170620T082011_B04,-0.026488816835240014
median_20170715T081609_B04,-0.026361301027423654
mean_20170210T082051_NDVI,-0.02629043519135041
std_20170710T082011_B06,-0.02620716149804926
homogeneity_20170131T082151_B04,-0.026040641177202603
energy_20170620T082011_B03,-0.025211537717971237
energy_20170322T081611_B02,-0.025180314581323048
mean_20170210T082051_B08,-0.02501659955785174
energy_20170131T082151_B04,-0.02499470120780546
min_20170322T081611_B05,-0.024913884701712144
median_20170715T081609_B11,-0.024733679471830715
max_20170715T081609_B11,-0.02462497904983788
contrast_20170531T082011_B08,-0.024495918711608125
homogeneity_20170101T082332_B03,-0.02438987072607152
energy_20170101T082332_B03,-0.024388168475828278
energy_20170620T082011_B02,-0.024323871245666373
energy_20170131T082151_B03,-0.024292674311619467
min_20170710T082011_NDVI,-0.024250971350827155
dissimilarity_20170715T081609_B04,-0.02410277660513001
contrast_20170710T082011_B03,-0.02403556549919113
min_20170620T082011_B07,-0.024028588852237517
mean_20170710T082011_B11,-0.02398694615636457
dissimilarity_20170710T082011_B08,-0.02390892930931384
min_20170715T081609_B06,-0.02382787133812832
min_20170710T082011_B08,-0.023660715300017853
energy_20170531T082011_B04,-0.02331335699811466
mean_20170210T082051_B8A,-0.02323080976352892
std_20170710T082011_B07,-0.023096806333093002
min_20170131T082151_B04,-0.023023605082989906
std_20170312T082001_B8A,-0.023007607706883815
dissimilarity_20170620T082011_B08,-0.022942138178470666
min_20170131T082151_B10,-0.022896346553106076
mean_20170804T081559_B06,-0.022669003366830465
min_20170531T082011_B11,-0.022642205069194784
std_20170804T081559_B01,-0.022586291015949722
min_20170531T082011_B08,-0.022378034708151792
std_20170804T081559_NDVI,-0.022198444629934037
homogeneity_20170101T082332_B02,-0.022157271219783246
dissimilarity_20170131T082151_B08,-0.022134282939434737
dissimilarity_20170210T082051_B04,-0.02203046099517927
min_20170210T082051_B05,-0.021762195877038287
max_20170620T082011_B08,-0.02174785873097748
mean_20170131T082151_B10,-0.02170866184184036
contrast_20170715T081609_B04,-0.02168380390606585
homogeneity_20170620T082011_B02,-0.02141504226707636
min_20170715T081609_B07,-0.021333532965071175
std_20170710T082011_B8A,-0.021252542414643513
median_20170819T082011_B06,-0.021222785752666746
max_20170131T082151_B10,-0.021154529583114857
contrast_20170210T082051_B04,-0.02113390491702248
dissimilarity_20170210T082051_B08,-0.021097451796907325
energy_20170101T082332_B02,-0.02107929571475958
median_20170131T082151_B04,-0.020700101477280346
energy_20170312T082001_B03,-0.020694560543815393
mean_20170715T081609_B02,-0.020608004410661643
max_20170715T081609_B07,-0.02048983665232171
max_20170710T082011_B08,-0.020469352802069966
min_20170210T082051_B10,-0.0201884253324491
median_20170210T082051_B08,-0.02018205827230439
dissimilarity_20170715T081609_B03,-0.01998429888597306
max_20170710T082011_B04,-0.019970596638840116
min_20170531T082011_B07,-0.019749123691939083
min_20170620T082011_B06,-0.019711645722458412
min_20170531T082011_B8A,-0.019687033297802557
correlation_20170819T082011_B03,-0.019685332560489793
median_20170715T081609_B02,-0.01962899895816621
dissimilarity_20170531T082011_B08,-0.019617565723817055
std_20170620T082011_B08,-0.019583324436267664
std_20170715T081609_B8A,-0.019549723047985895
median_20170710T082011_B11,-0.019514391186851904
min_20170620T082011_B08,-0.019408315915565116
dissimilarity_20170322T081611_B08,-0.019372903225479188
dissimilarity_20170715T081609_B02,-0.019298981988369338
max_20170710T082011_B11,-0.018979907515998696
min_20170715T081609_B03,-0.018979148707647928
std_20170312T082001_B07,-0.01889952851144677
min_20170715T081609_B04,-0.018852288764144336
min_20170819T082011_B07,-0.018643329952559094
min_20170819T082011_B08,-0.0184516411036262
min_20170322T081611_B11,-0.01842286164602453
min_20170804T081559_B06,-0.018383534850597787
energy_20170210T082051_B02,-0.018069093194779447
correlation_20170312T082001_B08,-0.018063696053598366
contrast_20170715T081609_B03,-0.018039418719958344
mean_20170312T082001_NDVI,-0.01802134022251077
min_20170531T082011_B06,-0.017616056892493997
energy_20170210T082051_B04,-0.017604113430894994
mean_20170819T082011_B06,-0.017587334079928824
std_20170710T082011_B08,-0.017512464545345816
median_20170804T081559_B08,-0.017440741976643862
std_20170804T081559_B02,-0.01742961213687866
mean_20170131T082151_B05,-0.01719112888633621
median_20170101T082332_B11,-0.016937803182884528
contrast_20170210T082051_B08,-0.01686466879075892
std_20170715T081609_B07,-0.016593984741607788
max_20170531T082011_B08,-0.016588946899057308
correlation_20170101T082332_B08,-0.01628004005870929
homogeneity_20170804T081559_B04,-0.016086505698087335
max_20170101T082332_B09,-0.016024071691400823
energy_20170312T082001_B02,-0.01598516264260915
energy_20170620T082011_B04,-0.015931644122831233
contrast_20170715T081609_B02,-0.015828687611966978
squareness,-0.015784958030078858
max_20170715T081609_B03,-0.015738160391444017
homogeneity_20170101T082332_B04,-0.015710785205512272
dissimilarity_20170715T081609_B08,-0.015636703471369452
correlation_20170131T082151_B08,-0.015567179184417638
correlation_20170819T082011_B02,-0.01549933391433014
std_20170322T081611_B12,-0.015393292465154789
median_20170131T082151_B03,-0.015133494095800828
std_20170312T082001_B09,-0.01496785009362621
min_20170715T081609_B08,-0.014932436875476112
median_20170322T081611_B11,-0.014894474757145799
median_20170312T082001_B03,-0.01466218486840596
contrast_20170620T082011_B08,-0.014648142151660118
std_20170715T081609_B09,-0.014491518626399785
correlation_20170804T081559_B03,-0.014375525436536295
correlation_20170210T082051_B04,-0.01433629691815935
homogeneity_20170210T082051_B04,-0.014261948354205497
std_20170715T081609_B03,-0.014218611097075283
contrast_20170620T082011_B04,-0.014088222538889793
min_20170715T081609_B02,-0.013708122828856731
median_20170210T082051_B8A,-0.013345170241725513
std_20170710T082011_B03,-0.013285610115204483
median_20170804T081559_B07,-0.013252269103256364
min_20170101T082332_B11,-0.013229099130568236
max_20170715T081609_B08,-0.01311986939099849
distances_to_1,-0.012965007146630373
std_20170312T082001_B06,-0.012726123627284616
median_20170804T081559_B8A,-0.01247435817219797
min_20170131T082151_B02,-0.012354790439624001
max_20170322T081611_B11,-0.01227738483529532
std_20170312T082001_B08,-0.011964551422285957
median_20170101T082332_B12,-0.011910890969360304
energy_20170322T081611_B04,-0.011877855156341663
max_20170322T081611_B05,-0.011839016344532084
contrast_20170312T082001_B08,-0.01147521366101045
mean_20170804T081559_B08,-0.011468596964578474
min_20170819T082011_B8A,-0.011441250864215652
contrast_20170322T081611_B08,-0.011418557022367761
mean_20170322T081611_B05,-0.011372988403563688
mean_20170101T082332_B09,-0.01123778758212643
median_20170312T082001_B12,-0.01114986894084573
max_20170804T081559_NDVI,-0.011116576304886973
mean_20170710T082011_B04,-0.010919690124564249
mean_20170804T081559_NDVI,-0.01088513704404395
distances_to_2,-0.010806169187477527
std_20170715T081609_B08,-0.010713787271476899
median_20170322T081611_B05,-0.010199847851218751
std_20170620T082011_B04,-0.01017475060678003
min_20170312T082001_B04,-0.01001978044589416
homogeneity_20170312T082001_B04,-0.009968641493149265
min_20170715T081609_NDVI,-0.00985071391693412
energy_20170819T082011_B08,-0.009793934536469148
contrast_20170710T082011_B02,-0.009778433476173576
mean_20170312T082001_B03,-0.009584976008796379
energy_20170715T081609_B03,-0.009367562613499615
energy_20170819T082011_B04,-0.009252337402053345
std_20170620T082011_B05,-0.009210568182344692
mean_20170804T081559_B8A,-0.008956504781789202
contrast_20170322T081611_B04,-0.00891348046962866
correlation_20170819T082011_B04,-0.00880842470247981
std_20170804T081559_B11,-0.008766210991496099
energy_20170101T082332_B04,-0.00858805260236834
mean_20170804T081559_B07,-0.008575588550323292
dissimilarity_20170620T082011_B04,-0.008396823387562856
min_20170210T082051_B06,-0.008368046428157555
dissimilarity_20170312T082001_B08,-0.008260294678594448
median_20170710T082011_B04,-0.008196608781228902
std_20170804T081559_B05,-0.008167608555779672
median_20170101T082332_B09,-0.008151089694463171
max_20170804T081559_B06,-0.008073765567834552
correlation_20170210T082051_B03,-0.008066453115535022
energy_20170131T082151_B08,-0.007876185197590707
min_20170101T082332_B12,-0.007875527916903928
min_20170210T082051_B12,-0.007832491687365396
std_20170715T081609_B02,-0.007806245591964252
min_20170620T082011_B10,-0.007711641989324677
homogeneity_20170322T081611_B04,-0.007701982345209847
mean_20170715T081609_NDVI,-0.007566625866239121
mean_20170322T081611_B11,-0.007494037605575978
std_20170710T082011_B09,-0.007395830403199119
min_20170804T081559_B07,-0.0073569626842575515
max_20170101T082332_B06,-0.007266825167637809
energy_20170804T081559_B08,-0.0070448751610108894
mean_20170131T082151_B04,-0.007002472547042921
energy_20170819T082011_B03,-0.0069122882937609625
min_20170312T082001_B12,-0.006843167127128501
std_20170312T082001_B12,-0.006725874426014941
energy_20170715T081609_B02,-0.006688205237020432
min_20170804T081559_B08,-0.006684401322990703
std_20170804T081559_B09,-0.006612735305116384
max_20170312T082001_B12,-0.006517396832086329
max_20170101T082332_B07,-0.006484874564010434
median_20170819T082011_B08,-0.006448087104802879
energy_20170312T082001_B04,-0.006442370105598742
min_20170101T082332_B09,-0.006416927744959044
energy_20170101T082332_B08,-0.006358655941228225
min_20170131T082151_NDVI,-0.006325136580592552
min_20170322T081611_B03,-0.006313500058306976
min_20170312T082001_B10,-0.006274124854846599
min_20170620T082011_B11,-0.006189741856535345
energy_20170715T081609_B04,-0.006125308219463915
min_20170804T081559_B8A,-0.0060298565592563184
correlation_20170322T081611_B08,-0.006003203099717242
median_20170819T082011_B07,-0.005704568643804347
median_20170312T082001_B04,-0.005430030189373697
mean_20170531T082011_B11,-0.005404709230711402
std_20170804T081559_B03,-0.005216233258998623
max_20170101T082332_B11,-0.005204796024688714
energy_20170210T082051_B08,-0.0051515282522462316
energy_20170312T082001_B08,-0.0050303406969087324
energy_20170620T082011_B08,-0.004717184972483479
mean_20170101T082332_B11,-0.004538378748929137
energy_20170531T082011_B08,-0.004506289345645765
contrast_20170101T082332_B04,-0.0038309821584720707
max_20170101T082332_B8A,-0.0035115812096588404
energy_20170819T082011_B02,-0.003455220928572369
mean_20170312T082001_B12,-0.0034247331035281567
std_20170710T082011_B02,-0.0033973986198453563
mean_20170131T082151_B06,-0.0032304020334110615
std_20170804T081559_B12,-0.003224981332460355
energy_20170804T081559_B04,-0.003153171624299261
std_20170322T081611_B01,-0.003151838771669183
homogeneity_20170715T081609_B03,-0.003013777316915246
mean_20170131T082151_B03,-0.002899850872957279
median_20170131T082151_B02,-0.002719945557158034
energy_20170322T081611_B08,-0.002591203482487617
energy_20170710T082011_B04,-0.002530795699399588
mean_20170819T082011_B07,-0.002423269790294972
max_20170131T082151_B05,-0.0022695066447844144
max_20170819T082011_B06,-0.002207037487043011
max_20170715T081609_B02,-0.0021915467080104705
energy_20170715T081609_B08,-0.0021572788857804263
median_20170819T082011_B8A,-0.001971619178286131
contrast_20170620T082011_B03,-0.001964210331273355
energy_20170710T082011_B03,-0.0018300780921506237
homogeneity_20170210T082051_B02,-0.0018151406517421364
max_20170131T082151_B06,-0.00167514828472695
median_20170531T082011_B11,-0.0015783516959745397
mean_20170819T082011_B08,-0.0015102954438584667
mean_20170819T082011_B8A,-0.0014919511960605409
contrast_20170710T082011_B08,-0.001401952996348686
std_20170101T082332_B11,-0.0011634729184122677
energy_20170210T082051_B03,-0.0011076116496869135
min_20170101T082332_B10,-0.0009785659175238488
correlation_20170531T082011_B08,-0.0009270095045166264
energy_20170710T082011_B08,-0.0009197877980984742
std_20170131T082151_B10,-0.0007688751764945145
min_20170715T081609_B01,-0.00034212287536156046
max_20170101T082332_B08,-0.0003334831203849142
mean_20170620T082011_B10,-0.00022740981083507766
min_20170131T082151_B01,-0.00021844720104007785
std_20170312T082001_B11,-0.00019253751730955934
mean_20170312T082001_B04,-0.00016680020714141385
homogeneity_20170210T082051_B03,-7.863496048584692e-05
correlation_20170210T082051_B02,0.00017686964487232364
min_20170210T082051_B07,0.00025042898119336096
max_20170101T082332_B12,0.0002839612480209921
std_20170322T081611_B11,0.00028648035090268677
min_20170101T082332_B05,0.0003657452883760989
min_20170715T081609_B12,0.0005651830277500329
max_20170131T082151_B07,0.0007726175008904294
homogeneity_20170715T081609_B04,0.001133366588438205
min_20170531T082011_B10,0.0011987094286338563
dissimilarity_20170322T081611_B04,0.0013373623440686884
mean_20170131T082151_B07,0.0015085200720543351
mean_20170715T081609_B01,0.0015126031681300936
min_20170710T082011_B04,0.0016565053677341096
std_20170322T081611_B05,0.0016898463630671066
std_20170715T081609_NDVI,0.0017504215481129893
mean_20170710T082011_NDVI,0.0017567401007118207
homogeneity_20170131T082151_B08,0.001808589401972447
mean_20170131T082151_B08,0.001811341898240108
contrast_20170312T082001_B04,0.0020332612739287484
max_20170131T082151_B08,0.0021791239082008212
mean_20170710T082011_B03,0.0021954205591057886
mean_20170101T082332_NDVI,0.00229813101225679
mean_20170131T082151_B01,0.0023832271737935173
mean_20170101T082332_B06,0.0024715795684320833
max_20170715T081609_B01,0.002490467355817718
std_20170819T082011_B09,0.0024974366520299995
max_20170715T081609_NDVI,0.002506511966338385
mean_20170101T082332_B12,0.002586286694012143
std_20170101T082332_B12,0.0028973341603289685
mean_20170312T082001_B10,0.002954727255487749
max_20170131T082151_B8A,0.003248017187662948
max_20170131T082151_B01,0.0034421977223448924
contrast_20170620T082011_B02,0.003478856051887503
contrast_20170715T081609_B08,0.00357509107882604
median_20170710T082011_B03,0.003946866862702155
std_20170322T081611_B04,0.004048914005639254
median_20170101T082332_B05,0.00431667574828748
std_20170312T082001_B01,0.004569670491410644
min_20170101T082332_NDVI,0.004621948147728627
energy_20170710T082011_B02,0.004759204390425189
min_20170710T082011_B10,0.004931199906534193
correlation_20170101T082332_B02,0.004947338060879003
energy_20170804T081559_B03,0.0051966395866515
min_20170210T082051_B11,0.005361496405259731
mean_20170101T082332_B07,0.005429119371601756
std_20170710T082011_NDVI,0.00543322425819586
std_20170131T082151_B12,0.005646455981860375
dissimilarity_20170101T082332_B04,0.005686338251913047
max_20170531T082011_NDVI,0.005975394839617129
median_20170531T082011_B10,0.006075046802701041
mean_20170131T082151_B8A,0.0062855904648478405
homogeneity_20170715T081609_B02,0.006424064657640531
mean_20170101T082332_B08,0.006542294035906216
mean_20170101T082332_B10,0.006624035003984252
std_20170620T082011_NDVI,0.006696146174676611
max_20170804T081559_B8A,0.006700255142849207
std_20170804T081559_B06,0.00692624924571274
homogeneity_20170804T081559_B03,0.007078404329035516
correlation_20170101T082332_B04,0.007285349103198783
mean_20170101T082332_B8A,0.00729264572134473
homogeneity_20170710T082011_B03,0.007390897647142458
mean_20170131T082151_B02,0.007398114719336642
homogeneity_20170312T082001_B08,0.007521294919808693
median_20170101T082332_B04,0.0075387111642148475
min_20170101T082332_B04,0.007614860304426051
dissimilarity_20170620T082011_B02,0.0077256646351801924
std_20170312T082001_B05,0.007907859675094005
median_20170620T082011_B10,0.008423380612787338
mean_20170531T082011_B10,0.008551030298731305
max_20170710T082011_NDVI,0.008554740731446513
max_20170710T082011_B03,0.00867459937730187
max_20170804T081559_B07,0.009036952309739374
contrast_20170101T082332_B03,0.009050622145242432
correlation_20170715T081609_B08,0.009157395894107507
contrast_20170531T082011_B04,0.009173390570205817
std_20170131T082151_B11,0.009344358109561064
dissimilarity_20170620T082011_B03,0.009402700853622941
correlation_20170620T082011_B08,0.009459917602402636
max_20170101T082332_B10,0.009537010286554147
std_20170819T082011_NDVI,0.009775113641029143
max_20170620T082011_B10,0.00991962353804148
homogeneity_20170710T082011_B04,0.009987299223688241
max_20170322T081611_B01,0.010088464964659805
std_20170710T082011_B11,0.010148399868643677
correlation_20170710T082011_B08,0.010350481865181116
contrast_20170101T082332_B02,0.010525163934268096
std_20170531T082011_NDVI,0.011194540008238706
max_20170101T082332_B05,0.011358251388966487
mean_20170710T082011_B10,0.01141791276396752
correlation_20170312T082001_B03,0.011466922311291601
max_20170620T082011_NDVI,0.0115004219439696
min_20170531T082011_B01,0.011612490276222699
median_20170131T082151_B08,0.011623247093588035
std_20170804T081559_B8A,0.011656110598417422
max_20170312T082001_B10,0.011673138558798162
min_20170322T081611_B01,0.011846098066348293
dissimilarity_20170312T082001_B04,0.011891839238029079
std_20170312T082001_B04,0.0119725580322815
min_20170620T082011_B01,0.011979474850321688
mean_20170101T082332_B05,0.012060868448190933
max_20170819T082011_B8A,0.01214713773762503
median_20170131T082151_B06,0.01238179586581389
max_20170312T082001_B01,0.012509062237548647
min_20170312T082001_B01,0.01257347020102631
homogeneity_20170804T081559_B02,0.012905166333958426
mean_20170322T081611_B01,0.012911164477892464
contrast_20170131T082151_B02,0.013061002501101225
max_20170322T081611_B12,0.01307838737848256
median_20170322T081611_B03,0.013275711193758593
std_20170101T082332_B04,0.013391875644968174
dissimilarity_20170804T081559_B03,0.013441402325985712
max_20170322T081611_NDVI,0.013659085158721987
std_20170101T082332_B05,0.013733851384960069
mean_20170322T081611_B03,0.01375421205968983
min_20170210T082051_B8A,0.013785140431319606
mean_20170312T082001_B01,0.013786009291169691
max_20170819T082011_NDVI,0.0139902015152515
min_20170531T082011_B12,0.014160707680228769
max_20170312T082001_B04,0.014196189619209437
std_20170715T081609_B11,0.014343339308404281
min_20170101T082332_B01,0.014445565497985776
std_20170710T082011_B12,0.014603860336015207
min_20170710T082011_B12,0.014694392893575806
mean_20170131T082151_NDVI,0.014738665695978814
mean_20170531T082011_B01,0.014921874888986865
max_20170819T082011_B07,0.014944571530334586
min_20170710T082011_B01,0.015031563250088174
dissimilarity_20170804T081559_B02,0.015134048505342272
min_20170210T082051_B08,0.015183711212421966
mean_20170620T082011_B01,0.01521217185188714
contrast_20170322T081611_B03,0.015312602231911283
energy_20170804T081559_B02,0.015604500056563273
correlation_20170101T082332_B03,0.015645278614323015
homogeneity_20170210T082051_B08,0.015650305346513495
min_20170531T082011_B05,0.01579686117754404
std_20170531T082011_B05,0.015927424899117845
correlation_20170322T081611_B03,0.016099710683416545
mean_20170101T082332_B04,0.016215062422013718
mean_20170101T082332_B01,0.016288371060162843
mean_20170710T082011_B01,0.016358147957467435
min_20170210T082051_NDVI,0.016407541680361508
contrast_20170312T082001_B03,0.016511147855924783
max_20170804T081559_B08,0.016541935124677196
median_20170312T082001_B10,0.016682224210468933
contrast_20170131T082151_B04,0.016740708930289123
contrast_20170804T081559_B03,0.017085513450056572
max_20170710T082011_B10,0.017090377723630777
min_20170131T082151_B06,0.017094513186931868
max_20170531T082011_B10,0.017141255601326018
max_20170710T082011_B01,0.017189085530500775
std_20170804T081559_B07,0.01734342871096583
max_20170101T082332_B01,0.0174799916089626
max_20170620T082011_B05,0.01752905794399798
contrast_20170312T082001_B02,0.017537062808758205
max_20170620T082011_B01,0.017617670119616933
std_20170804T081559_B04,0.01767959643556968
min_20170620T082011_B05,0.018445805505174277
std_20170131T082151_B01,0.0184966170395662
max_20170531T082011_B01,0.018622358958721993
std_20170715T081609_B01,0.018639543009272824
contrast_20170804T081559_B08,0.01881348531975423
Area,0.01882501142059824
homogeneity_20170531T082011_B08,0.018867935437599997
std_20170715T081609_B12,0.019244796850383272
min_20170131T082151_B08,0.019301816066475495
min_20170322T081611_B10,0.019473141014673727
correlation_20170312T082001_B02,0.019535700876182706
dissimilarity_20170101T082332_B03,0.01953637149353523
correlation_20170322T081611_B04,0.019562550372093295
max_20170531T082011_B11,0.019728788898126577
homogeneity_20170620T082011_B08,0.019751975869815655
max_20170715T081609_B12,0.019758525016668853
correlation_20170715T081609_B03,0.01991480507587243
std_20170804T081559_B08,0.01997299087290195
std_20170131T082151_B05,0.02007310161067816
correlation_20170322T081611_B02,0.02051614645941249
max_20170322T081611_B04,0.02079551827695711
max_20170131T082151_B04,0.020872952495451742
median_20170131T082151_B07,0.0209222824338582
correlation_20170131T082151_B02,0.021000194970666915
std_20170322T081611_B10,0.021094020021050264
max_20170312T082001_B03,0.021361282620445825
std_20170620T082011_B03,0.02139726965627265
std_20170101T082332_B01,0.021616452940499065
mean_20170620T082011_B05,0.021654348605527864
correlation_20170715T081609_B04,0.021655882572123687
max_20170101T082332_B04,0.022025103903205726
mean_20170322T081611_B10,0.022075082675309988
std_20170620T082011_B02,0.022123673609446858
dissimilarity_20170101T082332_B02,0.02219058132876519
mean_20170620T082011_B11,0.022427795188592024
std_20170101T082332_NDVI,0.02247020678071221
median_20170101T082332_B06,0.02264000736283663
correlation_20170620T082011_B04,0.022806449865126015
min_20170131T082151_B07,0.02309783401637922
contrast_20170531T082011_B03,0.023155850759891468
median_20170715T081609_NDVI,0.023246947723023756
dissimilarity_20170131T082151_B04,0.02332147026875167
mean_20170715T081609_B12,0.023509194198428455
min_20170322T081611_B04,0.023595679955882645
std_20170101T082332_B10,0.023635157351788314
max_20170620T082011_B04,0.02366018227866049
median_20170710T082011_NDVI,0.023671869146206892
mean_20170531T082011_B05,0.02399730318330721
min_20170710T082011_B03,0.024305290532499513
contrast_20170322T081611_B02,0.02438945760484605
correlation_20170715T081609_B02,0.024437128637005423
correlation_20170312T082001_B04,0.024558851700966763
max_20170312T082001_NDVI,0.024718834962850586
median_20170322T081611_NDVI,0.02482683414349959
max_20170322T081611_B03,0.02521757159625622
dissimilarity_20170531T082011_B04,0.025438737517629064
dissimilarity_20170804T081559_B08,0.025440226049795733
median_20170819T082011_NDVI,0.02549389910715322
median_20170715T081609_B12,0.02569625541258288
correlation_20170710T082011_B04,0.025797577768070325
max_20170710T082011_B12,0.025856493407804285
min_20170101T082332_B03,0.025915438941775337
homogeneity_20170715T081609_B08,0.02613714298270607
homogeneity_20170710T082011_B02,0.026137456408863797
correlation_20170531T082011_B04,0.026139989940732192
std_20170101T082332_B03,0.02617311630645905
median_20170101T082332_B08,0.026258198851849275
min_20170322T081611_B12,0.026393427730518136
correlation_20170620T082011_B03,0.026752325117455462
correlation_20170131T082151_B03,0.02677008908876784
std_20170101T082332_B02,0.026795216085191736
max_20170322T081611_B10,0.026838877450639204
max_20170819T082011_B08,0.026931547779941663
std_20170322T081611_B02,0.026949286344215513
median_20170131T082151_B01,0.02712802739794396
std_20170710T082011_B10,0.027233151899041422
median_20170804T081559_NDVI,0.027288694809498065
std_20170531T082011_B10,0.02736597220736792
median_20170531T082011_B05,0.02750057653932517
std_20170322T081611_NDVI,0.027565810228328123
std_20170710T082011_B01,0.02773525995319509
dissimilarity_20170322T081611_B02,0.027873686141412512
min_20170101T082332_B06,0.02794880833613345
std_20170715T081609_B10,0.028081944491460217
contrast_20170804T081559_B04,0.02816638489729611
min_20170131T082151_B8A,0.028181468379482835
max_20170101T082332_NDVI,0.02824587445294649
contrast_20170531T082011_B02,0.028299588342826143
homogeneity_20170101T082332_B08,0.02873903680760926
median_20170101T082332_B03,0.028818739638148565
min_20170531T082011_B03,0.028987363172793698
contrast_20170804T081559_B02,0.029015911982305704
dissimilarity_20170322T081611_B03,0.029112807483915405
min_20170312T082001_B02,0.0291416654359165
std_20170819T082011_B06,0.02920781100598691
median_20170131T082151_B8A,0.029352945333661253
correlation_20170131T082151_B04,0.029426818035619202
std_20170322T081611_B03,0.029610238534611387
median_20170531T082011_B12,0.02972031586264512
min_20170531T082011_B04,0.02978013741312048
median_20170322T081611_B04,0.02984799053105686
std_20170819T082011_B8A,0.029883157280050483
max_20170531T082011_B05,0.030470738054894142
median_20170312T082001_NDVI,0.030521915814798323
min_20170101T082332_B07,0.030987320717888484
correlation_20170710T082011_B03,0.031187683164524013
contrast_20170819T082011_B08,0.03126545368063869
mean_20170322T081611_B04,0.03131674571416328
dissimilarity_20170312T082001_B03,0.031369986123613816
median_20170620T082011_B05,0.031833931927195996
correlation_20170710T082011_B02,0.03189047425636953
mean_20170312T082001_B02,0.031904505311840754
min_20170101T082332_B8A,0.032074037880747266
median_20170101T082332_B10,0.032124301397247285
dissimilarity_20170312T082001_B02,0.03228404152573448
median_20170101T082332_B07,0.03229096221576064
median_20170101T082332_B8A,0.0323026482812829
median_20170312T082001_B02,0.03262149463516382
std_20170620T082011_B10,0.032855176202375526
min_20170620T082011_B03,0.03310839972634529
dissimilarity_20170531T082011_B03,0.03311372740455697
mean_20170531T082011_B12,0.033184431861630725
std_20170312T082001_NDVI,0.033558533240266405
std_20170819T082011_B01,0.03357135034687093
correlation_20170620T082011_B02,0.03378738879245771
mean_20170101T082332_B03,0.03397053972454039
max_20170620T082011_B11,0.03404384393575079
std_20170312T082001_B02,0.03419890418697513
dissimilarity_20170531T082011_B02,0.03433030044708049
median_20170322T081611_B12,0.034424725810349485
dissimilarity_20170804T081559_B04,0.034535952011234966
std_20170131T082151_B04,0.034580970351901115
min_20170620T082011_B12,0.03462048072281134
contrast_20170131T082151_B03,0.034907408825148534
std_20170531T082011_B04,0.034913656606502
median_20170620T082011_NDVI,0.03524420174874683
max_20170131T082151_NDVI,0.035330517623410565
mean_20170710T082011_B12,0.03552172009492108
std_20170131T082151_NDVI,0.035540999945717223
mean_20170322T081611_B12,0.03602539752593877
std_20170312T082001_B10,0.0363022055643158
std_20170620T082011_B11,0.03651443520013499
max_20170131T082151_B03,0.036761275264419205
median_20170210T082051_NDVI,0.036823253980379195
mean_20170620T082011_B04,0.036840902466817094
std_20170312T082001_B03,0.03724293881999266
std_20170819T082011_B07,0.03735853564841932
median_20170620T082011_B04,0.03743727641653616
median_20170531T082011_NDVI,0.03747581556497201
contrast_20170819T082011_B02,0.03762941325662069
homogeneity_20170322T081611_B08,0.0378858256387754
median_20170620T082011_B11,0.03792798203341256
homogeneity_20170710T082011_B08,0.03810253103241525
min_20170620T082011_B04,0.03813332173340345
median_20170131T082151_NDVI,0.038616091481340716
median_20170531T082011_B04,0.038731716450325755
std_20170531T082011_B11,0.03901095218783488
median_20170710T082011_B12,0.03934113068392495
dissimilarity_20170131T082151_B02,0.03960813187333304
median_20170710T082011_B10,0.039730725300877505
std_20170620T082011_B12,0.03988063022147173
median_20170715T081609_B01,0.04015186836346555
min_20170804T081559_NDVI,0.04038089189807683
std_20170531T082011_B12,0.04067052360867817
std_20170819T082011_B11,0.04103490930904759
max_20170620T082011_B03,0.041194052549010395
median_20170101T082332_B02,0.041227429935552555
mean_20170531T082011_B04,0.041558175569291124
mean_20170819T082011_NDVI,0.04178498034505637
std_20170620T082011_B01,0.04191826318983264
correlation_20170531T082011_B03,0.04193916644446585
max_20170101T082332_B03,0.0430905357162872
min_20170101T082332_B08,0.043302680428065586
min_20170101T082332_B02,0.04341155078952048
mean_20170710T082011_B02,0.04366381148460347
max_20170131T082151_B02,0.043991122556935915
max_20170710T082011_B02,0.04419464580147573
contrast_20170819T082011_B03,0.044584744607884155
min_20170531T082011_B02,0.044659305923312395
dissimilarity_20170819T082011_B08,0.04495742053490971
std_20170819T082011_B08,0.04565316681065952
dissimilarity_20170131T082151_B03,0.045810807733288904
mean_20170101T082332_B02,0.04639969992153166
mean_20170620T082011_B03,0.04691291734707973
median_20170531T082011_B03,0.04731940400450175
median_20170620T082011_B03,0.04758041120784327
min_20170322T081611_B02,0.04762078594867943
max_20170531T082011_B12,0.04811202458822319
std_20170819T082011_B05,0.048179567758286225
dissimilarity_20170819T082011_B03,0.048251603610195024
max_20170531T082011_B04,0.048431366464412554
mean_20170531T082011_B03,0.04847808780499252
dissimilarity_20170819T082011_B02,0.048894703681784064
median_20170101T082332_NDVI,0.04897334404964262
max_20170322T081611_B02,0.04904043805109713
correlation_20170531T082011_B02,0.049064246094915616
std_20170531T082011_B03,0.050153120857344795
max_20170312T082001_B02,0.05046558388009267
std_20170131T082151_B02,0.051745546629164633
median_20170710T082011_B02,0.052266055370505105
min_20170620T082011_B02,0.05227842196510786
max_20170620T082011_B02,0.05238306157670698
mean_20170322T081611_B02,0.054219208275214086
std_20170819T082011_B12,0.054392118104342434
std_20170131T082151_B03,0.05457659246188581
std_20170531T082011_B01,0.055245079499123016
max_20170101T082332_B02,0.05616804953528266
mean_20170620T082011_B02,0.05721847035673534
median_20170322T081611_B02,0.05739307678039262
std_20170531T082011_B02,0.058005144249630713
median_20170620T082011_B02,0.06012090150882293
max_20170531T082011_B03,0.06028953224880325
mean_20170531T082011_B02,0.06112329365833029
std_20170819T082011_B03,0.062339817832044495
std_20170819T082011_B02,0.06242238840634173
contrast_20170819T082011_B04,0.06249656340634442
median_20170531T082011_B02,0.06369534005219689
min_20170819T082011_NDVI,0.06435554022423697
min_20170710T082011_B02,0.06466773448007368
dissimilarity_20170819T082011_B04,0.06641308727209082
mean_20170620T082011_B12,0.06792995481196218
median_20170322T081611_B10,0.0712623407059781
median_20170620T082011_B12,0.07304157749894918
max_20170531T082011_B02,0.07325352874446935
max_20170620T082011_B12,0.07414080251996226
std_20170819T082011_B04,0.07536149069157501
median_20170101T082332_B01,0.08315863203126542
median_20170322T081611_B01,0.08467675514790243
median_20170312T082001_B01,0.0860891010476243
median_20170531T082011_B01,0.10662895369696178
median_20170620T082011_B01,0.11189158970306107
median_20170710T082011_B01,0.15283557253679242
centroid_y,0.296710039314604
Field_Id_3,0.7438933907171664
Field_Id_2,0.7662860174601058
Field_Id_1,0.8259517311442581
Field_Id,1.0
