,feature,importance,feature_type
0,Area,3,Area
1,corners,30,corners
2,squareness,4,squareness
3,centroid_x,10,centroid
4,centroid_y,10,centroid
5,Crop_Id_Ne_nf_1,94,Crop_Ne
6,Crop_Id_Ne_nf_2,56,Crop_Ne
7,Crop_Id_Ne_nf_3,50,Crop_Ne
8,distances_to_1,7,distances_1
9,distances_to_2,0,distances_2
10,distances_to_3,17,distances_3
11,contrast_20170101T082332_B02,8,contrast_B02
12,contrast_20170101T082332_B03,1,contrast_B03
13,contrast_20170101T082332_B04,7,contrast_B04
14,contrast_20170101T082332_B08,1,contrast_B08
15,contrast_20170131T082151_B02,14,contrast_B02
16,contrast_20170131T082151_B03,4,contrast_B03
17,contrast_20170131T082151_B04,3,contrast_B04
18,contrast_20170131T082151_B08,6,contrast_B08
19,contrast_20170210T082051_B02,2,contrast_B02
20,contrast_20170210T082051_B03,5,contrast_B03
21,contrast_20170210T082051_B04,2,contrast_B04
22,contrast_20170210T082051_B08,4,contrast_B08
23,contrast_20170312T082001_B02,10,contrast_B02
24,contrast_20170312T082001_B03,2,contrast_B03
25,contrast_20170312T082001_B04,4,contrast_B04
26,contrast_20170312T082001_B08,10,contrast_B08
27,contrast_20170322T081611_B02,2,contrast_B02
28,contrast_20170322T081611_B03,1,contrast_B03
29,contrast_20170322T081611_B04,1,contrast_B04
30,contrast_20170322T081611_B08,21,contrast_B08
31,contrast_20170531T082011_B02,0,contrast_B02
32,contrast_20170531T082011_B03,3,contrast_B03
33,contrast_20170531T082011_B04,2,contrast_B04
34,contrast_20170531T082011_B08,14,contrast_B08
35,contrast_20170620T082011_B02,3,contrast_B02
36,contrast_20170620T082011_B03,4,contrast_B03
37,contrast_20170620T082011_B04,3,contrast_B04
38,contrast_20170620T082011_B08,16,contrast_B08
39,contrast_20170710T082011_B02,1,contrast_B02
40,contrast_20170710T082011_B03,3,contrast_B03
41,contrast_20170710T082011_B04,1,contrast_B04
42,contrast_20170710T082011_B08,4,contrast_B08
43,contrast_20170715T081609_B02,1,contrast_B02
44,contrast_20170715T081609_B03,8,contrast_B03
45,contrast_20170715T081609_B04,3,contrast_B04
46,contrast_20170715T081609_B08,3,contrast_B08
47,contrast_20170804T081559_B02,3,contrast_B02
48,contrast_20170804T081559_B03,6,contrast_B03
49,contrast_20170804T081559_B04,6,contrast_B04
50,contrast_20170804T081559_B08,4,contrast_B08
51,contrast_20170819T082011_B02,2,contrast_B02
52,contrast_20170819T082011_B03,3,contrast_B03
53,contrast_20170819T082011_B04,1,contrast_B04
54,contrast_20170819T082011_B08,14,contrast_B08
55,correlation_20170101T082332_B02,1,correlation_B02
56,correlation_20170101T082332_B03,4,correlation_B03
57,correlation_20170101T082332_B04,4,correlation_B04
58,correlation_20170101T082332_B08,6,correlation_B08
59,correlation_20170131T082151_B02,4,correlation_B02
60,correlation_20170131T082151_B03,0,correlation_B03
61,correlation_20170131T082151_B04,1,correlation_B04
62,correlation_20170131T082151_B08,1,correlation_B08
63,correlation_20170210T082051_B02,1,correlation_B02
64,correlation_20170210T082051_B03,6,correlation_B03
65,correlation_20170210T082051_B04,9,correlation_B04
66,correlation_20170210T082051_B08,1,correlation_B08
67,correlation_20170312T082001_B02,3,correlation_B02
68,correlation_20170312T082001_B03,4,correlation_B03
69,correlation_20170312T082001_B04,0,correlation_B04
70,correlation_20170312T082001_B08,2,correlation_B08
71,correlation_20170322T081611_B02,2,correlation_B02
72,correlation_20170322T081611_B03,5,correlation_B03
73,correlation_20170322T081611_B04,2,correlation_B04
74,correlation_20170322T081611_B08,4,correlation_B08
75,correlation_20170531T082011_B02,1,correlation_B02
76,correlation_20170531T082011_B03,2,correlation_B03
77,correlation_20170531T082011_B04,3,correlation_B04
78,correlation_20170531T082011_B08,3,correlation_B08
79,correlation_20170620T082011_B02,3,correlation_B02
80,correlation_20170620T082011_B03,2,correlation_B03
81,correlation_20170620T082011_B04,4,correlation_B04
82,correlation_20170620T082011_B08,4,correlation_B08
83,correlation_20170710T082011_B02,3,correlation_B02
84,correlation_20170710T082011_B03,4,correlation_B03
85,correlation_20170710T082011_B04,6,correlation_B04
86,correlation_20170710T082011_B08,1,correlation_B08
87,correlation_20170715T081609_B02,9,correlation_B02
88,correlation_20170715T081609_B03,1,correlation_B03
89,correlation_20170715T081609_B04,5,correlation_B04
90,correlation_20170715T081609_B08,2,correlation_B08
91,correlation_20170804T081559_B02,2,correlation_B02
92,correlation_20170804T081559_B03,2,correlation_B03
93,correlation_20170804T081559_B04,6,correlation_B04
94,correlation_20170804T081559_B08,2,correlation_B08
95,correlation_20170819T082011_B02,2,correlation_B02
96,correlation_20170819T082011_B03,18,correlation_B03
97,correlation_20170819T082011_B04,2,correlation_B04
98,correlation_20170819T082011_B08,8,correlation_B08
99,dissimilarity_20170101T082332_B02,1,dissimilarity_B02
100,dissimilarity_20170101T082332_B03,2,dissimilarity_B03
101,dissimilarity_20170101T082332_B04,1,dissimilarity_B04
102,dissimilarity_20170101T082332_B08,0,dissimilarity_B08
103,dissimilarity_20170131T082151_B02,1,dissimilarity_B02
104,dissimilarity_20170131T082151_B03,1,dissimilarity_B03
105,dissimilarity_20170131T082151_B04,1,dissimilarity_B04
106,dissimilarity_20170131T082151_B08,2,dissimilarity_B08
107,dissimilarity_20170210T082051_B02,2,dissimilarity_B02
108,dissimilarity_20170210T082051_B03,1,dissimilarity_B03
109,dissimilarity_20170210T082051_B04,8,dissimilarity_B04
110,dissimilarity_20170210T082051_B08,7,dissimilarity_B08
111,dissimilarity_20170312T082001_B02,0,dissimilarity_B02
112,dissimilarity_20170312T082001_B03,3,dissimilarity_B03
113,dissimilarity_20170312T082001_B04,3,dissimilarity_B04
114,dissimilarity_20170312T082001_B08,7,dissimilarity_B08
115,dissimilarity_20170322T081611_B02,3,dissimilarity_B02
116,dissimilarity_20170322T081611_B03,0,dissimilarity_B03
117,dissimilarity_20170322T081611_B04,1,dissimilarity_B04
118,dissimilarity_20170322T081611_B08,11,dissimilarity_B08
119,dissimilarity_20170531T082011_B02,2,dissimilarity_B02
120,dissimilarity_20170531T082011_B03,2,dissimilarity_B03
121,dissimilarity_20170531T082011_B04,1,dissimilarity_B04
122,dissimilarity_20170531T082011_B08,15,dissimilarity_B08
123,dissimilarity_20170620T082011_B02,3,dissimilarity_B02
124,dissimilarity_20170620T082011_B03,4,dissimilarity_B03
125,dissimilarity_20170620T082011_B04,1,dissimilarity_B04
126,dissimilarity_20170620T082011_B08,2,dissimilarity_B08
127,dissimilarity_20170710T082011_B02,1,dissimilarity_B02
128,dissimilarity_20170710T082011_B03,0,dissimilarity_B03
129,dissimilarity_20170710T082011_B04,2,dissimilarity_B04
130,dissimilarity_20170710T082011_B08,14,dissimilarity_B08
131,dissimilarity_20170715T081609_B02,7,dissimilarity_B02
132,dissimilarity_20170715T081609_B03,4,dissimilarity_B03
133,dissimilarity_20170715T081609_B04,2,dissimilarity_B04
134,dissimilarity_20170715T081609_B08,6,dissimilarity_B08
135,dissimilarity_20170804T081559_B02,4,dissimilarity_B02
136,dissimilarity_20170804T081559_B03,1,dissimilarity_B03
137,dissimilarity_20170804T081559_B04,7,dissimilarity_B04
138,dissimilarity_20170804T081559_B08,4,dissimilarity_B08
139,dissimilarity_20170819T082011_B02,0,dissimilarity_B02
140,dissimilarity_20170819T082011_B03,2,dissimilarity_B03
141,dissimilarity_20170819T082011_B04,3,dissimilarity_B04
142,dissimilarity_20170819T082011_B08,2,dissimilarity_B08
143,energy_20170101T082332_B02,3,energy_B02
144,energy_20170101T082332_B03,4,energy_B03
145,energy_20170101T082332_B04,3,energy_B04
146,energy_20170101T082332_B08,1,energy_B08
147,energy_20170131T082151_B02,4,energy_B02
148,energy_20170131T082151_B03,11,energy_B03
149,energy_20170131T082151_B04,0,energy_B04
150,energy_20170131T082151_B08,4,energy_B08
151,energy_20170210T082051_B02,7,energy_B02
152,energy_20170210T082051_B03,5,energy_B03
153,energy_20170210T082051_B04,1,energy_B04
154,energy_20170210T082051_B08,4,energy_B08
155,energy_20170312T082001_B02,13,energy_B02
156,energy_20170312T082001_B03,10,energy_B03
157,energy_20170312T082001_B04,0,energy_B04
158,energy_20170312T082001_B08,4,energy_B08
159,energy_20170322T081611_B02,14,energy_B02
160,energy_20170322T081611_B03,9,energy_B03
161,energy_20170322T081611_B04,5,energy_B04
162,energy_20170322T081611_B08,1,energy_B08
163,energy_20170531T082011_B02,11,energy_B02
164,energy_20170531T082011_B03,3,energy_B03
165,energy_20170531T082011_B04,4,energy_B04
166,energy_20170531T082011_B08,1,energy_B08
167,energy_20170620T082011_B02,1,energy_B02
168,energy_20170620T082011_B03,5,energy_B03
169,energy_20170620T082011_B04,2,energy_B04
170,energy_20170620T082011_B08,0,energy_B08
171,energy_20170710T082011_B02,1,energy_B02
172,energy_20170710T082011_B03,0,energy_B03
173,energy_20170710T082011_B04,1,energy_B04
174,energy_20170710T082011_B08,3,energy_B08
175,energy_20170715T081609_B02,1,energy_B02
176,energy_20170715T081609_B03,0,energy_B03
177,energy_20170715T081609_B04,5,energy_B04
178,energy_20170715T081609_B08,0,energy_B08
179,energy_20170804T081559_B02,1,energy_B02
180,energy_20170804T081559_B03,0,energy_B03
181,energy_20170804T081559_B04,1,energy_B04
182,energy_20170804T081559_B08,1,energy_B08
183,energy_20170819T082011_B02,1,energy_B02
184,energy_20170819T082011_B03,1,energy_B03
185,energy_20170819T082011_B04,1,energy_B04
186,energy_20170819T082011_B08,1,energy_B08
187,homogeneity_20170101T082332_B02,1,homogeneity_B02
188,homogeneity_20170101T082332_B03,3,homogeneity_B03
189,homogeneity_20170101T082332_B04,1,homogeneity_B04
190,homogeneity_20170101T082332_B08,8,homogeneity_B08
191,homogeneity_20170131T082151_B02,1,homogeneity_B02
192,homogeneity_20170131T082151_B03,4,homogeneity_B03
193,homogeneity_20170131T082151_B04,6,homogeneity_B04
194,homogeneity_20170131T082151_B08,2,homogeneity_B08
195,homogeneity_20170210T082051_B02,5,homogeneity_B02
196,homogeneity_20170210T082051_B03,5,homogeneity_B03
197,homogeneity_20170210T082051_B04,0,homogeneity_B04
198,homogeneity_20170210T082051_B08,0,homogeneity_B08
199,homogeneity_20170312T082001_B02,2,homogeneity_B02
200,homogeneity_20170312T082001_B03,2,homogeneity_B03
201,homogeneity_20170312T082001_B04,2,homogeneity_B04
202,homogeneity_20170312T082001_B08,18,homogeneity_B08
203,homogeneity_20170322T081611_B02,8,homogeneity_B02
204,homogeneity_20170322T081611_B03,10,homogeneity_B03
205,homogeneity_20170322T081611_B04,8,homogeneity_B04
206,homogeneity_20170322T081611_B08,14,homogeneity_B08
207,homogeneity_20170531T082011_B02,5,homogeneity_B02
208,homogeneity_20170531T082011_B03,20,homogeneity_B03
209,homogeneity_20170531T082011_B04,5,homogeneity_B04
210,homogeneity_20170531T082011_B08,4,homogeneity_B08
211,homogeneity_20170620T082011_B02,4,homogeneity_B02
212,homogeneity_20170620T082011_B03,1,homogeneity_B03
213,homogeneity_20170620T082011_B04,8,homogeneity_B04
214,homogeneity_20170620T082011_B08,15,homogeneity_B08
215,homogeneity_20170710T082011_B02,3,homogeneity_B02
216,homogeneity_20170710T082011_B03,2,homogeneity_B03
217,homogeneity_20170710T082011_B04,3,homogeneity_B04
218,homogeneity_20170710T082011_B08,1,homogeneity_B08
219,homogeneity_20170715T081609_B02,5,homogeneity_B02
220,homogeneity_20170715T081609_B03,8,homogeneity_B03
221,homogeneity_20170715T081609_B04,2,homogeneity_B04
222,homogeneity_20170715T081609_B08,18,homogeneity_B08
223,homogeneity_20170804T081559_B02,2,homogeneity_B02
224,homogeneity_20170804T081559_B03,1,homogeneity_B03
225,homogeneity_20170804T081559_B04,2,homogeneity_B04
226,homogeneity_20170804T081559_B08,0,homogeneity_B08
227,homogeneity_20170819T082011_B02,1,homogeneity_B02
228,homogeneity_20170819T082011_B03,3,homogeneity_B03
229,homogeneity_20170819T082011_B04,3,homogeneity_B04
230,homogeneity_20170819T082011_B08,1,homogeneity_B08
231,max_20170101T082332_B02,10,max_B02
232,max_20170101T082332_B03,2,max_B03
233,max_20170101T082332_B04,4,max_B04
234,max_20170101T082332_B05,8,max_B05
235,max_20170101T082332_B06,14,max_B06
236,max_20170101T082332_B08,5,max_B08
237,max_20170101T082332_NDVI,6,max_NDVI
238,max_20170131T082151_B02,0,max_B02
239,max_20170131T082151_B03,1,max_B03
240,max_20170131T082151_B04,1,max_B04
241,max_20170131T082151_B05,4,max_B05
242,max_20170131T082151_B06,8,max_B06
243,max_20170131T082151_B08,2,max_B08
244,max_20170131T082151_NDVI,8,max_NDVI
245,max_20170210T082051_B02,0,max_B02
246,max_20170210T082051_B03,1,max_B03
247,max_20170210T082051_B04,1,max_B04
248,max_20170210T082051_B05,3,max_B05
249,max_20170210T082051_B06,11,max_B06
250,max_20170210T082051_B08,8,max_B08
251,max_20170210T082051_NDVI,2,max_NDVI
252,max_20170312T082001_B02,1,max_B02
253,max_20170312T082001_B03,3,max_B03
254,max_20170312T082001_B04,6,max_B04
255,max_20170312T082001_B05,5,max_B05
256,max_20170312T082001_B06,6,max_B06
257,max_20170312T082001_B08,10,max_B08
258,max_20170312T082001_NDVI,4,max_NDVI
259,max_20170322T081611_B02,0,max_B02
260,max_20170322T081611_B03,1,max_B03
261,max_20170322T081611_B04,1,max_B04
262,max_20170322T081611_B05,8,max_B05
263,max_20170322T081611_B06,19,max_B06
264,max_20170322T081611_B08,16,max_B08
265,max_20170322T081611_NDVI,13,max_NDVI
266,max_20170531T082011_B02,3,max_B02
267,max_20170531T082011_B03,2,max_B03
268,max_20170531T082011_B04,1,max_B04
269,max_20170531T082011_B05,8,max_B05
270,max_20170531T082011_B06,8,max_B06
271,max_20170531T082011_B08,6,max_B08
272,max_20170531T082011_NDVI,2,max_NDVI
273,max_20170620T082011_B02,1,max_B02
274,max_20170620T082011_B03,3,max_B03
275,max_20170620T082011_B04,2,max_B04
276,max_20170620T082011_B05,4,max_B05
277,max_20170620T082011_B06,3,max_B06
278,max_20170620T082011_B08,4,max_B08
279,max_20170620T082011_NDVI,2,max_NDVI
280,max_20170710T082011_B02,2,max_B02
281,max_20170710T082011_B03,8,max_B03
282,max_20170710T082011_B04,2,max_B04
283,max_20170710T082011_B05,1,max_B05
284,max_20170710T082011_B06,6,max_B06
285,max_20170710T082011_B08,0,max_B08
286,max_20170710T082011_NDVI,2,max_NDVI
287,max_20170715T081609_B02,3,max_B02
288,max_20170715T081609_B03,0,max_B03
289,max_20170715T081609_B04,2,max_B04
290,max_20170715T081609_B05,4,max_B05
291,max_20170715T081609_B06,1,max_B06
292,max_20170715T081609_B08,1,max_B08
293,max_20170715T081609_NDVI,5,max_NDVI
294,max_20170804T081559_B02,0,max_B02
295,max_20170804T081559_B03,1,max_B03
296,max_20170804T081559_B04,3,max_B04
297,max_20170804T081559_B05,9,max_B05
298,max_20170804T081559_B06,5,max_B06
299,max_20170804T081559_B08,4,max_B08
300,max_20170804T081559_NDVI,2,max_NDVI
301,max_20170819T082011_B02,1,max_B02
302,max_20170819T082011_B03,0,max_B03
303,max_20170819T082011_B04,2,max_B04
304,max_20170819T082011_B05,2,max_B05
305,max_20170819T082011_B06,1,max_B06
306,max_20170819T082011_B08,0,max_B08
307,max_20170819T082011_NDVI,7,max_NDVI
308,mean_20170101T082332_B02,12,mean_B02
309,mean_20170101T082332_B03,19,mean_B03
310,mean_20170101T082332_B04,10,mean_B04
311,mean_20170101T082332_B05,15,mean_B05
312,mean_20170101T082332_B06,6,mean_B06
313,mean_20170101T082332_B08,9,mean_B08
314,mean_20170101T082332_NDVI,20,mean_NDVI
315,mean_20170131T082151_B02,10,mean_B02
316,mean_20170131T082151_B03,14,mean_B03
317,mean_20170131T082151_B04,11,mean_B04
318,mean_20170131T082151_B05,11,mean_B05
319,mean_20170131T082151_B06,6,mean_B06
320,mean_20170131T082151_B08,3,mean_B08
321,mean_20170131T082151_NDVI,6,mean_NDVI
322,mean_20170210T082051_B02,5,mean_B02
323,mean_20170210T082051_B03,3,mean_B03
324,mean_20170210T082051_B04,1,mean_B04
325,mean_20170210T082051_B05,5,mean_B05
326,mean_20170210T082051_B06,11,mean_B06
327,mean_20170210T082051_B08,15,mean_B08
328,mean_20170210T082051_NDVI,1,mean_NDVI
329,mean_20170312T082001_B02,11,mean_B02
330,mean_20170312T082001_B03,26,mean_B03
331,mean_20170312T082001_B04,14,mean_B04
332,mean_20170312T082001_B05,9,mean_B05
333,mean_20170312T082001_B06,9,mean_B06
334,mean_20170312T082001_B08,2,mean_B08
335,mean_20170312T082001_NDVI,11,mean_NDVI
336,mean_20170322T081611_B02,17,mean_B02
337,mean_20170322T081611_B03,12,mean_B03
338,mean_20170322T081611_B04,3,mean_B04
339,mean_20170322T081611_B05,9,mean_B05
340,mean_20170322T081611_B06,24,mean_B06
341,mean_20170322T081611_B08,20,mean_B08
342,mean_20170322T081611_NDVI,15,mean_NDVI
343,mean_20170531T082011_B02,14,mean_B02
344,mean_20170531T082011_B03,8,mean_B03
345,mean_20170531T082011_B04,6,mean_B04
346,mean_20170531T082011_B05,3,mean_B05
347,mean_20170531T082011_B06,8,mean_B06
348,mean_20170531T082011_B08,9,mean_B08
349,mean_20170531T082011_NDVI,36,mean_NDVI
350,mean_20170620T082011_B02,8,mean_B02
351,mean_20170620T082011_B03,8,mean_B03
352,mean_20170620T082011_B04,3,mean_B04
353,mean_20170620T082011_B05,3,mean_B05
354,mean_20170620T082011_B06,11,mean_B06
355,mean_20170620T082011_B08,2,mean_B08
356,mean_20170620T082011_NDVI,22,mean_NDVI
357,mean_20170710T082011_B02,5,mean_B02
358,mean_20170710T082011_B03,3,mean_B03
359,mean_20170710T082011_B04,3,mean_B04
360,mean_20170710T082011_B05,2,mean_B05
361,mean_20170710T082011_B06,8,mean_B06
362,mean_20170710T082011_B08,4,mean_B08
363,mean_20170710T082011_NDVI,12,mean_NDVI
364,mean_20170715T081609_B02,3,mean_B02
365,mean_20170715T081609_B03,1,mean_B03
366,mean_20170715T081609_B04,0,mean_B04
367,mean_20170715T081609_B05,3,mean_B05
368,mean_20170715T081609_B06,4,mean_B06
369,mean_20170715T081609_B08,4,mean_B08
370,mean_20170715T081609_NDVI,28,mean_NDVI
371,mean_20170804T081559_B02,3,mean_B02
372,mean_20170804T081559_B03,2,mean_B03
373,mean_20170804T081559_B04,3,mean_B04
374,mean_20170804T081559_B05,3,mean_B05
375,mean_20170804T081559_B06,14,mean_B06
376,mean_20170804T081559_B08,3,mean_B08
377,mean_20170804T081559_NDVI,16,mean_NDVI
378,mean_20170819T082011_B02,4,mean_B02
379,mean_20170819T082011_B03,5,mean_B03
380,mean_20170819T082011_B04,6,mean_B04
381,mean_20170819T082011_B05,8,mean_B05
382,mean_20170819T082011_B06,0,mean_B06
383,mean_20170819T082011_B08,2,mean_B08
384,mean_20170819T082011_NDVI,21,mean_NDVI
385,median_20170101T082332_B02,4,median_B02
386,median_20170101T082332_B03,5,median_B03
387,median_20170101T082332_B04,3,median_B04
388,median_20170101T082332_B05,4,median_B05
389,median_20170101T082332_B06,25,median_B06
390,median_20170101T082332_B08,3,median_B08
391,median_20170101T082332_NDVI,3,median_NDVI
392,median_20170131T082151_B02,6,median_B02
393,median_20170131T082151_B03,7,median_B03
394,median_20170131T082151_B04,1,median_B04
395,median_20170131T082151_B05,6,median_B05
396,median_20170131T082151_B06,7,median_B06
397,median_20170131T082151_B08,5,median_B08
398,median_20170131T082151_NDVI,4,median_NDVI
399,median_20170210T082051_B02,1,median_B02
400,median_20170210T082051_B03,0,median_B03
401,median_20170210T082051_B04,6,median_B04
402,median_20170210T082051_B05,1,median_B05
403,median_20170210T082051_B06,10,median_B06
404,median_20170210T082051_B08,1,median_B08
405,median_20170210T082051_NDVI,3,median_NDVI
406,median_20170312T082001_B02,1,median_B02
407,median_20170312T082001_B03,5,median_B03
408,median_20170312T082001_B04,1,median_B04
409,median_20170312T082001_B05,12,median_B05
410,median_20170312T082001_B06,4,median_B06
411,median_20170312T082001_B08,2,median_B08
412,median_20170312T082001_NDVI,0,median_NDVI
413,median_20170322T081611_B02,4,median_B02
414,median_20170322T081611_B03,10,median_B03
415,median_20170322T081611_B04,3,median_B04
416,median_20170322T081611_B05,3,median_B05
417,median_20170322T081611_B06,26,median_B06
418,median_20170322T081611_B08,3,median_B08
419,median_20170322T081611_NDVI,3,median_NDVI
420,median_20170531T082011_B02,3,median_B02
421,median_20170531T082011_B03,7,median_B03
422,median_20170531T082011_B04,7,median_B04
423,median_20170531T082011_B05,1,median_B05
424,median_20170531T082011_B06,6,median_B06
425,median_20170531T082011_B08,5,median_B08
426,median_20170531T082011_NDVI,4,median_NDVI
427,median_20170620T082011_B02,0,median_B02
428,median_20170620T082011_B03,1,median_B03
429,median_20170620T082011_B04,8,median_B04
430,median_20170620T082011_B05,5,median_B05
431,median_20170620T082011_B06,4,median_B06
432,median_20170620T082011_B08,2,median_B08
433,median_20170620T082011_NDVI,1,median_NDVI
434,median_20170710T082011_B02,0,median_B02
435,median_20170710T082011_B03,3,median_B03
436,median_20170710T082011_B04,0,median_B04
437,median_20170710T082011_B05,3,median_B05
438,median_20170710T082011_B06,1,median_B06
439,median_20170710T082011_B08,6,median_B08
440,median_20170710T082011_NDVI,0,median_NDVI
441,median_20170715T081609_B02,1,median_B02
442,median_20170715T081609_B03,3,median_B03
443,median_20170715T081609_B04,4,median_B04
444,median_20170715T081609_B05,6,median_B05
445,median_20170715T081609_B06,2,median_B06
446,median_20170715T081609_B08,0,median_B08
447,median_20170715T081609_NDVI,1,median_NDVI
448,median_20170804T081559_B02,4,median_B02
449,median_20170804T081559_B03,2,median_B03
450,median_20170804T081559_B04,2,median_B04
451,median_20170804T081559_B05,10,median_B05
452,median_20170804T081559_B06,6,median_B06
453,median_20170804T081559_B08,0,median_B08
454,median_20170804T081559_NDVI,3,median_NDVI
455,median_20170819T082011_B02,4,median_B02
456,median_20170819T082011_B03,3,median_B03
457,median_20170819T082011_B04,7,median_B04
458,median_20170819T082011_B05,5,median_B05
459,median_20170819T082011_B06,3,median_B06
460,median_20170819T082011_B08,2,median_B08
461,median_20170819T082011_NDVI,2,median_NDVI
462,min_20170101T082332_B02,13,min_B02
463,min_20170101T082332_B03,7,min_B03
464,min_20170101T082332_B04,6,min_B04
465,min_20170101T082332_B05,12,min_B05
466,min_20170101T082332_B06,10,min_B06
467,min_20170101T082332_B08,14,min_B08
468,min_20170101T082332_NDVI,19,min_NDVI
469,min_20170131T082151_B02,14,min_B02
470,min_20170131T082151_B03,8,min_B03
471,min_20170131T082151_B04,11,min_B04
472,min_20170131T082151_B05,15,min_B05
473,min_20170131T082151_B06,3,min_B06
474,min_20170131T082151_B08,8,min_B08
475,min_20170131T082151_NDVI,3,min_NDVI
476,min_20170210T082051_B02,11,min_B02
477,min_20170210T082051_B03,2,min_B03
478,min_20170210T082051_B04,3,min_B04
479,min_20170210T082051_B05,11,min_B05
480,min_20170210T082051_B06,5,min_B06
481,min_20170210T082051_B08,9,min_B08
482,min_20170210T082051_NDVI,3,min_NDVI
483,min_20170312T082001_B02,19,min_B02
484,min_20170312T082001_B03,19,min_B03
485,min_20170312T082001_B04,15,min_B04
486,min_20170312T082001_B05,21,min_B05
487,min_20170312T082001_B06,1,min_B06
488,min_20170312T082001_B08,1,min_B08
489,min_20170312T082001_NDVI,8,min_NDVI
490,min_20170322T081611_B02,15,min_B02
491,min_20170322T081611_B03,7,min_B03
492,min_20170322T081611_B04,6,min_B04
493,min_20170322T081611_B05,7,min_B05
494,min_20170322T081611_B06,18,min_B06
495,min_20170322T081611_B08,9,min_B08
496,min_20170322T081611_NDVI,8,min_NDVI
497,min_20170531T082011_B02,13,min_B02
498,min_20170531T082011_B03,13,min_B03
499,min_20170531T082011_B04,13,min_B04
500,min_20170531T082011_B05,6,min_B05
501,min_20170531T082011_B06,4,min_B06
502,min_20170531T082011_B08,4,min_B08
503,min_20170531T082011_NDVI,11,min_NDVI
504,min_20170620T082011_B02,1,min_B02
505,min_20170620T082011_B03,1,min_B03
506,min_20170620T082011_B04,1,min_B04
507,min_20170620T082011_B05,6,min_B05
508,min_20170620T082011_B06,0,min_B06
509,min_20170620T082011_B08,2,min_B08
510,min_20170620T082011_NDVI,3,min_NDVI
511,min_20170710T082011_B02,4,min_B02
512,min_20170710T082011_B03,1,min_B03
513,min_20170710T082011_B04,0,min_B04
514,min_20170710T082011_B05,1,min_B05
515,min_20170710T082011_B06,1,min_B06
516,min_20170710T082011_B08,2,min_B08
517,min_20170710T082011_NDVI,2,min_NDVI
518,min_20170715T081609_B02,1,min_B02
519,min_20170715T081609_B03,3,min_B03
520,min_20170715T081609_B04,1,min_B04
521,min_20170715T081609_B05,2,min_B05
522,min_20170715T081609_B06,2,min_B06
523,min_20170715T081609_B08,2,min_B08
524,min_20170715T081609_NDVI,3,min_NDVI
525,min_20170804T081559_B02,0,min_B02
526,min_20170804T081559_B03,2,min_B03
527,min_20170804T081559_B04,1,min_B04
528,min_20170804T081559_B05,2,min_B05
529,min_20170804T081559_B06,2,min_B06
530,min_20170804T081559_B08,5,min_B08
531,min_20170804T081559_NDVI,9,min_NDVI
532,min_20170819T082011_B02,5,min_B02
533,min_20170819T082011_B03,4,min_B03
534,min_20170819T082011_B04,0,min_B04
535,min_20170819T082011_B05,2,min_B05
536,min_20170819T082011_B06,3,min_B06
537,min_20170819T082011_B08,11,min_B08
538,min_20170819T082011_NDVI,7,min_NDVI
539,std_20170101T082332_B02,4,std_B02
540,std_20170101T082332_B03,3,std_B03
541,std_20170101T082332_B04,2,std_B04
542,std_20170101T082332_B05,1,std_B05
543,std_20170101T082332_B06,5,std_B06
544,std_20170101T082332_B08,2,std_B08
545,std_20170101T082332_NDVI,4,std_NDVI
546,std_20170131T082151_B02,8,std_B02
547,std_20170131T082151_B03,4,std_B03
548,std_20170131T082151_B04,3,std_B04
549,std_20170131T082151_B05,9,std_B05
550,std_20170131T082151_B06,6,std_B06
551,std_20170131T082151_B08,1,std_B08
552,std_20170131T082151_NDVI,3,std_NDVI
553,std_20170210T082051_B02,1,std_B02
554,std_20170210T082051_B03,8,std_B03
555,std_20170210T082051_B04,0,std_B04
556,std_20170210T082051_B05,4,std_B05
557,std_20170210T082051_B06,11,std_B06
558,std_20170210T082051_B08,15,std_B08
559,std_20170210T082051_NDVI,4,std_NDVI
560,std_20170312T082001_B02,12,std_B02
561,std_20170312T082001_B03,3,std_B03
562,std_20170312T082001_B04,2,std_B04
563,std_20170312T082001_B05,5,std_B05
564,std_20170312T082001_B06,6,std_B06
565,std_20170312T082001_B08,13,std_B08
566,std_20170312T082001_NDVI,1,std_NDVI
567,std_20170322T081611_B02,5,std_B02
568,std_20170322T081611_B03,3,std_B03
569,std_20170322T081611_B04,1,std_B04
570,std_20170322T081611_B05,1,std_B05
571,std_20170322T081611_B06,4,std_B06
572,std_20170322T081611_B08,13,std_B08
573,std_20170322T081611_NDVI,0,std_NDVI
574,std_20170531T082011_B02,1,std_B02
575,std_20170531T082011_B03,1,std_B03
576,std_20170531T082011_B04,3,std_B04
577,std_20170531T082011_B05,19,std_B05
578,std_20170531T082011_B06,13,std_B06
579,std_20170531T082011_B08,17,std_B08
580,std_20170531T082011_NDVI,2,std_NDVI
581,std_20170620T082011_B02,1,std_B02
582,std_20170620T082011_B03,1,std_B03
583,std_20170620T082011_B04,6,std_B04
584,std_20170620T082011_B05,4,std_B05
585,std_20170620T082011_B06,5,std_B06
586,std_20170620T082011_B08,5,std_B08
587,std_20170620T082011_NDVI,8,std_NDVI
588,std_20170710T082011_B02,1,std_B02
589,std_20170710T082011_B03,1,std_B03
590,std_20170710T082011_B04,1,std_B04
591,std_20170710T082011_B05,3,std_B05
592,std_20170710T082011_B06,11,std_B06
593,std_20170710T082011_B08,10,std_B08
594,std_20170710T082011_NDVI,7,std_NDVI
595,std_20170715T081609_B02,1,std_B02
596,std_20170715T081609_B03,0,std_B03
597,std_20170715T081609_B04,3,std_B04
598,std_20170715T081609_B05,2,std_B05
599,std_20170715T081609_B06,14,std_B06
600,std_20170715T081609_B08,7,std_B08
601,std_20170715T081609_NDVI,11,std_NDVI
602,std_20170804T081559_B02,2,std_B02
603,std_20170804T081559_B03,3,std_B03
604,std_20170804T081559_B04,1,std_B04
605,std_20170804T081559_B05,3,std_B05
606,std_20170804T081559_B06,7,std_B06
607,std_20170804T081559_B08,0,std_B08
608,std_20170804T081559_NDVI,2,std_NDVI
609,std_20170819T082011_B02,3,std_B02
610,std_20170819T082011_B03,0,std_B03
611,std_20170819T082011_B04,2,std_B04
612,std_20170819T082011_B05,6,std_B05
613,std_20170819T082011_B06,4,std_B06
614,std_20170819T082011_B08,5,std_B08
615,std_20170819T082011_NDVI,13,std_NDVI
616,tile_T34JEPT34JFP,1,tile
617,tile_T34JFP,0,tile
618,subregion_1,0,subregion
619,subregion_2,0,subregion
620,subregion_3,2,subregion
621,subregion_4,12,subregion
622,subregion_5,1,subregion
623,subregion_6,4,subregion
624,subregion_7,0,subregion
625,ratio_max_20170131T082151_B01,4,ratio_20170131T082151
626,ratio_max_20170210T082051_B01,2,ratio_20170210T082051
627,ratio_max_20170312T082001_B01,0,ratio_20170312T082001
628,ratio_max_20170322T081611_B01,7,ratio_20170322T081611
629,ratio_max_20170531T082011_B01,5,ratio_20170531T082011
630,ratio_max_20170620T082011_B01,9,ratio_20170620T082011
631,ratio_max_20170710T082011_B01,1,ratio_20170710T082011
632,ratio_max_20170715T081609_B01,4,ratio_20170715T081609
633,ratio_max_20170804T081559_B01,5,ratio_20170804T081559
634,ratio_max_20170819T082011_B01,3,ratio_20170819T082011
635,ratio_mean_20170131T082151_B01,1,ratio_20170131T082151
636,ratio_mean_20170210T082051_B01,5,ratio_20170210T082051
637,ratio_mean_20170312T082001_B01,5,ratio_20170312T082001
638,ratio_mean_20170322T081611_B01,4,ratio_20170322T081611
639,ratio_mean_20170531T082011_B01,1,ratio_20170531T082011
640,ratio_mean_20170620T082011_B01,2,ratio_20170620T082011
641,ratio_mean_20170710T082011_B01,7,ratio_20170710T082011
642,ratio_mean_20170715T081609_B01,3,ratio_20170715T081609
643,ratio_mean_20170804T081559_B01,7,ratio_20170804T081559
644,ratio_mean_20170819T082011_B01,6,ratio_20170819T082011
645,ratio_median_20170131T082151_B01,4,ratio_20170131T082151
646,ratio_median_20170210T082051_B01,3,ratio_20170210T082051
647,ratio_median_20170312T082001_B01,4,ratio_20170312T082001
648,ratio_median_20170322T081611_B01,12,ratio_20170322T081611
649,ratio_median_20170531T082011_B01,2,ratio_20170531T082011
650,ratio_median_20170620T082011_B01,4,ratio_20170620T082011
651,ratio_median_20170710T082011_B01,4,ratio_20170710T082011
652,ratio_median_20170715T081609_B01,2,ratio_20170715T081609
653,ratio_median_20170804T081559_B01,0,ratio_20170804T081559
654,ratio_median_20170819T082011_B01,8,ratio_20170819T082011
655,ratio_min_20170131T082151_B01,9,ratio_20170131T082151
656,ratio_min_20170210T082051_B01,1,ratio_20170210T082051
657,ratio_min_20170312T082001_B01,0,ratio_20170312T082001
658,ratio_min_20170322T081611_B01,0,ratio_20170322T081611
659,ratio_min_20170531T082011_B01,2,ratio_20170531T082011
660,ratio_min_20170620T082011_B01,10,ratio_20170620T082011
661,ratio_min_20170710T082011_B01,2,ratio_20170710T082011
662,ratio_min_20170715T081609_B01,0,ratio_20170715T081609
663,ratio_min_20170804T081559_B01,3,ratio_20170804T081559
664,ratio_min_20170819T082011_B01,6,ratio_20170819T082011
665,ratio_std_20170131T082151_B01,8,ratio_20170131T082151
666,ratio_std_20170210T082051_B01,1,ratio_20170210T082051
667,ratio_std_20170312T082001_B01,17,ratio_20170312T082001
668,ratio_std_20170322T081611_B01,1,ratio_20170322T081611
669,ratio_std_20170531T082011_B01,0,ratio_20170531T082011
670,ratio_std_20170620T082011_B01,2,ratio_20170620T082011
671,ratio_std_20170710T082011_B01,5,ratio_20170710T082011
672,ratio_std_20170715T081609_B01,10,ratio_20170715T081609
673,ratio_std_20170804T081559_B01,2,ratio_20170804T081559
674,ratio_std_20170819T082011_B01,1,ratio_20170819T082011
675,ratio_contrast_20170131T082151_B02,2,ratio_20170131T082151
676,ratio_contrast_20170210T082051_B02,3,ratio_20170210T082051
677,ratio_contrast_20170312T082001_B02,1,ratio_20170312T082001
678,ratio_contrast_20170322T081611_B02,5,ratio_20170322T081611
679,ratio_contrast_20170531T082011_B02,6,ratio_20170531T082011
680,ratio_contrast_20170620T082011_B02,7,ratio_20170620T082011
681,ratio_contrast_20170710T082011_B02,6,ratio_20170710T082011
682,ratio_contrast_20170715T081609_B02,4,ratio_20170715T081609
683,ratio_contrast_20170804T081559_B02,3,ratio_20170804T081559
684,ratio_contrast_20170819T082011_B02,0,ratio_20170819T082011
685,ratio_correlation_20170131T082151_B02,2,ratio_20170131T082151
686,ratio_correlation_20170210T082051_B02,2,ratio_20170210T082051
687,ratio_correlation_20170312T082001_B02,1,ratio_20170312T082001
688,ratio_correlation_20170322T081611_B02,4,ratio_20170322T081611
689,ratio_correlation_20170531T082011_B02,4,ratio_20170531T082011
690,ratio_correlation_20170620T082011_B02,2,ratio_20170620T082011
691,ratio_correlation_20170710T082011_B02,0,ratio_20170710T082011
692,ratio_correlation_20170715T081609_B02,2,ratio_20170715T081609
693,ratio_correlation_20170804T081559_B02,5,ratio_20170804T081559
694,ratio_correlation_20170819T082011_B02,9,ratio_20170819T082011
695,ratio_dissimilarity_20170131T082151_B02,0,ratio_20170131T082151
696,ratio_dissimilarity_20170210T082051_B02,7,ratio_20170210T082051
697,ratio_dissimilarity_20170312T082001_B02,4,ratio_20170312T082001
698,ratio_dissimilarity_20170322T081611_B02,8,ratio_20170322T081611
699,ratio_dissimilarity_20170531T082011_B02,12,ratio_20170531T082011
700,ratio_dissimilarity_20170620T082011_B02,4,ratio_20170620T082011
701,ratio_dissimilarity_20170710T082011_B02,9,ratio_20170710T082011
702,ratio_dissimilarity_20170715T081609_B02,4,ratio_20170715T081609
703,ratio_dissimilarity_20170804T081559_B02,2,ratio_20170804T081559
704,ratio_dissimilarity_20170819T082011_B02,3,ratio_20170819T082011
705,ratio_energy_20170131T082151_B02,1,ratio_20170131T082151
706,ratio_energy_20170210T082051_B02,2,ratio_20170210T082051
707,ratio_energy_20170312T082001_B02,5,ratio_20170312T082001
708,ratio_energy_20170322T081611_B02,1,ratio_20170322T081611
709,ratio_energy_20170531T082011_B02,1,ratio_20170531T082011
710,ratio_energy_20170620T082011_B02,0,ratio_20170620T082011
711,ratio_energy_20170710T082011_B02,19,ratio_20170710T082011
712,ratio_energy_20170715T081609_B02,1,ratio_20170715T081609
713,ratio_energy_20170804T081559_B02,1,ratio_20170804T081559
714,ratio_energy_20170819T082011_B02,13,ratio_20170819T082011
715,ratio_homogeneity_20170131T082151_B02,3,ratio_20170131T082151
716,ratio_homogeneity_20170210T082051_B02,3,ratio_20170210T082051
717,ratio_homogeneity_20170312T082001_B02,7,ratio_20170312T082001
718,ratio_homogeneity_20170322T081611_B02,1,ratio_20170322T081611
719,ratio_homogeneity_20170531T082011_B02,1,ratio_20170531T082011
720,ratio_homogeneity_20170620T082011_B02,16,ratio_20170620T082011
721,ratio_homogeneity_20170710T082011_B02,4,ratio_20170710T082011
722,ratio_homogeneity_20170715T081609_B02,4,ratio_20170715T081609
723,ratio_homogeneity_20170804T081559_B02,2,ratio_20170804T081559
724,ratio_homogeneity_20170819T082011_B02,9,ratio_20170819T082011
725,ratio_max_20170131T082151_B02,5,ratio_20170131T082151
726,ratio_max_20170210T082051_B02,1,ratio_20170210T082051
727,ratio_max_20170312T082001_B02,1,ratio_20170312T082001
728,ratio_max_20170322T081611_B02,4,ratio_20170322T081611
729,ratio_max_20170531T082011_B02,3,ratio_20170531T082011
730,ratio_max_20170620T082011_B02,0,ratio_20170620T082011
731,ratio_max_20170710T082011_B02,1,ratio_20170710T082011
732,ratio_max_20170715T081609_B02,0,ratio_20170715T081609
733,ratio_max_20170804T081559_B02,1,ratio_20170804T081559
734,ratio_max_20170819T082011_B02,5,ratio_20170819T082011
735,ratio_mean_20170131T082151_B02,5,ratio_20170131T082151
736,ratio_mean_20170210T082051_B02,3,ratio_20170210T082051
737,ratio_mean_20170312T082001_B02,1,ratio_20170312T082001
738,ratio_mean_20170322T081611_B02,7,ratio_20170322T081611
739,ratio_mean_20170531T082011_B02,13,ratio_20170531T082011
740,ratio_mean_20170620T082011_B02,15,ratio_20170620T082011
741,ratio_mean_20170710T082011_B02,4,ratio_20170710T082011
742,ratio_mean_20170715T081609_B02,1,ratio_20170715T081609
743,ratio_mean_20170804T081559_B02,1,ratio_20170804T081559
744,ratio_mean_20170819T082011_B02,8,ratio_20170819T082011
745,ratio_median_20170131T082151_B02,3,ratio_20170131T082151
746,ratio_median_20170210T082051_B02,4,ratio_20170210T082051
747,ratio_median_20170312T082001_B02,1,ratio_20170312T082001
748,ratio_median_20170322T081611_B02,3,ratio_20170322T081611
749,ratio_median_20170531T082011_B02,4,ratio_20170531T082011
750,ratio_median_20170620T082011_B02,2,ratio_20170620T082011
751,ratio_median_20170710T082011_B02,1,ratio_20170710T082011
752,ratio_median_20170715T081609_B02,5,ratio_20170715T081609
753,ratio_median_20170804T081559_B02,2,ratio_20170804T081559
754,ratio_median_20170819T082011_B02,2,ratio_20170819T082011
755,ratio_min_20170131T082151_B02,2,ratio_20170131T082151
756,ratio_min_20170210T082051_B02,7,ratio_20170210T082051
757,ratio_min_20170312T082001_B02,1,ratio_20170312T082001
758,ratio_min_20170322T081611_B02,2,ratio_20170322T081611
759,ratio_min_20170531T082011_B02,10,ratio_20170531T082011
760,ratio_min_20170620T082011_B02,8,ratio_20170620T082011
761,ratio_min_20170710T082011_B02,2,ratio_20170710T082011
762,ratio_min_20170715T081609_B02,5,ratio_20170715T081609
763,ratio_min_20170804T081559_B02,3,ratio_20170804T081559
764,ratio_min_20170819T082011_B02,0,ratio_20170819T082011
765,ratio_std_20170131T082151_B02,0,ratio_20170131T082151
766,ratio_std_20170210T082051_B02,0,ratio_20170210T082051
767,ratio_std_20170312T082001_B02,2,ratio_20170312T082001
768,ratio_std_20170322T081611_B02,1,ratio_20170322T081611
769,ratio_std_20170531T082011_B02,14,ratio_20170531T082011
770,ratio_std_20170620T082011_B02,6,ratio_20170620T082011
771,ratio_std_20170710T082011_B02,3,ratio_20170710T082011
772,ratio_std_20170715T081609_B02,0,ratio_20170715T081609
773,ratio_std_20170804T081559_B02,4,ratio_20170804T081559
774,ratio_std_20170819T082011_B02,1,ratio_20170819T082011
775,ratio_contrast_20170131T082151_B03,3,ratio_20170131T082151
776,ratio_contrast_20170210T082051_B03,3,ratio_20170210T082051
777,ratio_contrast_20170312T082001_B03,10,ratio_20170312T082001
778,ratio_contrast_20170322T081611_B03,3,ratio_20170322T081611
779,ratio_contrast_20170531T082011_B03,8,ratio_20170531T082011
780,ratio_contrast_20170620T082011_B03,13,ratio_20170620T082011
781,ratio_contrast_20170710T082011_B03,5,ratio_20170710T082011
782,ratio_contrast_20170715T081609_B03,8,ratio_20170715T081609
783,ratio_contrast_20170804T081559_B03,1,ratio_20170804T081559
784,ratio_contrast_20170819T082011_B03,0,ratio_20170819T082011
785,ratio_correlation_20170131T082151_B03,5,ratio_20170131T082151
786,ratio_correlation_20170210T082051_B03,6,ratio_20170210T082051
787,ratio_correlation_20170312T082001_B03,0,ratio_20170312T082001
788,ratio_correlation_20170322T081611_B03,4,ratio_20170322T081611
789,ratio_correlation_20170531T082011_B03,1,ratio_20170531T082011
790,ratio_correlation_20170620T082011_B03,5,ratio_20170620T082011
791,ratio_correlation_20170710T082011_B03,0,ratio_20170710T082011
792,ratio_correlation_20170715T081609_B03,4,ratio_20170715T081609
793,ratio_correlation_20170804T081559_B03,7,ratio_20170804T081559
794,ratio_correlation_20170819T082011_B03,7,ratio_20170819T082011
795,ratio_dissimilarity_20170131T082151_B03,4,ratio_20170131T082151
796,ratio_dissimilarity_20170210T082051_B03,1,ratio_20170210T082051
797,ratio_dissimilarity_20170312T082001_B03,0,ratio_20170312T082001
798,ratio_dissimilarity_20170322T081611_B03,4,ratio_20170322T081611
799,ratio_dissimilarity_20170531T082011_B03,1,ratio_20170531T082011
800,ratio_dissimilarity_20170620T082011_B03,9,ratio_20170620T082011
801,ratio_dissimilarity_20170710T082011_B03,12,ratio_20170710T082011
802,ratio_dissimilarity_20170715T081609_B03,0,ratio_20170715T081609
803,ratio_dissimilarity_20170804T081559_B03,0,ratio_20170804T081559
804,ratio_dissimilarity_20170819T082011_B03,0,ratio_20170819T082011
805,ratio_energy_20170131T082151_B03,14,ratio_20170131T082151
806,ratio_energy_20170210T082051_B03,5,ratio_20170210T082051
807,ratio_energy_20170312T082001_B03,4,ratio_20170312T082001
808,ratio_energy_20170322T081611_B03,11,ratio_20170322T081611
809,ratio_energy_20170531T082011_B03,1,ratio_20170531T082011
810,ratio_energy_20170620T082011_B03,3,ratio_20170620T082011
811,ratio_energy_20170710T082011_B03,7,ratio_20170710T082011
812,ratio_energy_20170715T081609_B03,9,ratio_20170715T081609
813,ratio_energy_20170804T081559_B03,4,ratio_20170804T081559
814,ratio_energy_20170819T082011_B03,1,ratio_20170819T082011
815,ratio_homogeneity_20170131T082151_B03,5,ratio_20170131T082151
816,ratio_homogeneity_20170210T082051_B03,0,ratio_20170210T082051
817,ratio_homogeneity_20170312T082001_B03,4,ratio_20170312T082001
818,ratio_homogeneity_20170322T081611_B03,0,ratio_20170322T081611
819,ratio_homogeneity_20170531T082011_B03,3,ratio_20170531T082011
820,ratio_homogeneity_20170620T082011_B03,2,ratio_20170620T082011
821,ratio_homogeneity_20170710T082011_B03,20,ratio_20170710T082011
822,ratio_homogeneity_20170715T081609_B03,3,ratio_20170715T081609
823,ratio_homogeneity_20170804T081559_B03,1,ratio_20170804T081559
824,ratio_homogeneity_20170819T082011_B03,1,ratio_20170819T082011
825,ratio_max_20170131T082151_B03,3,ratio_20170131T082151
826,ratio_max_20170210T082051_B03,1,ratio_20170210T082051
827,ratio_max_20170312T082001_B03,1,ratio_20170312T082001
828,ratio_max_20170322T081611_B03,1,ratio_20170322T081611
829,ratio_max_20170531T082011_B03,12,ratio_20170531T082011
830,ratio_max_20170620T082011_B03,2,ratio_20170620T082011
831,ratio_max_20170710T082011_B03,1,ratio_20170710T082011
832,ratio_max_20170715T081609_B03,7,ratio_20170715T081609
833,ratio_max_20170804T081559_B03,5,ratio_20170804T081559
834,ratio_max_20170819T082011_B03,11,ratio_20170819T082011
835,ratio_mean_20170131T082151_B03,6,ratio_20170131T082151
836,ratio_mean_20170210T082051_B03,4,ratio_20170210T082051
837,ratio_mean_20170312T082001_B03,1,ratio_20170312T082001
838,ratio_mean_20170322T081611_B03,10,ratio_20170322T081611
839,ratio_mean_20170531T082011_B03,17,ratio_20170531T082011
840,ratio_mean_20170620T082011_B03,19,ratio_20170620T082011
841,ratio_mean_20170710T082011_B03,3,ratio_20170710T082011
842,ratio_mean_20170715T081609_B03,7,ratio_20170715T081609
843,ratio_mean_20170804T081559_B03,2,ratio_20170804T081559
844,ratio_mean_20170819T082011_B03,4,ratio_20170819T082011
845,ratio_median_20170131T082151_B03,2,ratio_20170131T082151
846,ratio_median_20170210T082051_B03,3,ratio_20170210T082051
847,ratio_median_20170312T082001_B03,0,ratio_20170312T082001
848,ratio_median_20170322T081611_B03,5,ratio_20170322T081611
849,ratio_median_20170531T082011_B03,3,ratio_20170531T082011
850,ratio_median_20170620T082011_B03,2,ratio_20170620T082011
851,ratio_median_20170710T082011_B03,5,ratio_20170710T082011
852,ratio_median_20170715T081609_B03,3,ratio_20170715T081609
853,ratio_median_20170804T081559_B03,1,ratio_20170804T081559
854,ratio_median_20170819T082011_B03,4,ratio_20170819T082011
855,ratio_min_20170131T082151_B03,3,ratio_20170131T082151
856,ratio_min_20170210T082051_B03,7,ratio_20170210T082051
857,ratio_min_20170312T082001_B03,5,ratio_20170312T082001
858,ratio_min_20170322T081611_B03,10,ratio_20170322T081611
859,ratio_min_20170531T082011_B03,13,ratio_20170531T082011
860,ratio_min_20170620T082011_B03,14,ratio_20170620T082011
861,ratio_min_20170710T082011_B03,3,ratio_20170710T082011
862,ratio_min_20170715T081609_B03,2,ratio_20170715T081609
863,ratio_min_20170804T081559_B03,1,ratio_20170804T081559
864,ratio_min_20170819T082011_B03,0,ratio_20170819T082011
865,ratio_std_20170131T082151_B03,0,ratio_20170131T082151
866,ratio_std_20170210T082051_B03,0,ratio_20170210T082051
867,ratio_std_20170312T082001_B03,5,ratio_20170312T082001
868,ratio_std_20170322T081611_B03,11,ratio_20170322T081611
869,ratio_std_20170531T082011_B03,4,ratio_20170531T082011
870,ratio_std_20170620T082011_B03,6,ratio_20170620T082011
871,ratio_std_20170710T082011_B03,10,ratio_20170710T082011
872,ratio_std_20170715T081609_B03,6,ratio_20170715T081609
873,ratio_std_20170804T081559_B03,1,ratio_20170804T081559
874,ratio_std_20170819T082011_B03,0,ratio_20170819T082011
875,ratio_contrast_20170131T082151_B04,1,ratio_20170131T082151
876,ratio_contrast_20170210T082051_B04,1,ratio_20170210T082051
877,ratio_contrast_20170312T082001_B04,2,ratio_20170312T082001
878,ratio_contrast_20170322T081611_B04,2,ratio_20170322T081611
879,ratio_contrast_20170531T082011_B04,5,ratio_20170531T082011
880,ratio_contrast_20170620T082011_B04,6,ratio_20170620T082011
881,ratio_contrast_20170710T082011_B04,4,ratio_20170710T082011
882,ratio_contrast_20170715T081609_B04,2,ratio_20170715T081609
883,ratio_contrast_20170804T081559_B04,1,ratio_20170804T081559
884,ratio_contrast_20170819T082011_B04,3,ratio_20170819T082011
885,ratio_correlation_20170131T082151_B04,2,ratio_20170131T082151
886,ratio_correlation_20170210T082051_B04,1,ratio_20170210T082051
887,ratio_correlation_20170312T082001_B04,4,ratio_20170312T082001
888,ratio_correlation_20170322T081611_B04,3,ratio_20170322T081611
889,ratio_correlation_20170531T082011_B04,9,ratio_20170531T082011
890,ratio_correlation_20170620T082011_B04,11,ratio_20170620T082011
891,ratio_correlation_20170710T082011_B04,2,ratio_20170710T082011
892,ratio_correlation_20170715T081609_B04,3,ratio_20170715T081609
893,ratio_correlation_20170804T081559_B04,0,ratio_20170804T081559
894,ratio_correlation_20170819T082011_B04,3,ratio_20170819T082011
895,ratio_dissimilarity_20170131T082151_B04,0,ratio_20170131T082151
896,ratio_dissimilarity_20170210T082051_B04,11,ratio_20170210T082051
897,ratio_dissimilarity_20170312T082001_B04,1,ratio_20170312T082001
898,ratio_dissimilarity_20170322T081611_B04,4,ratio_20170322T081611
899,ratio_dissimilarity_20170531T082011_B04,7,ratio_20170531T082011
900,ratio_dissimilarity_20170620T082011_B04,5,ratio_20170620T082011
901,ratio_dissimilarity_20170710T082011_B04,8,ratio_20170710T082011
902,ratio_dissimilarity_20170715T081609_B04,2,ratio_20170715T081609
903,ratio_dissimilarity_20170804T081559_B04,1,ratio_20170804T081559
904,ratio_dissimilarity_20170819T082011_B04,1,ratio_20170819T082011
905,ratio_energy_20170131T082151_B04,1,ratio_20170131T082151
906,ratio_energy_20170210T082051_B04,2,ratio_20170210T082051
907,ratio_energy_20170312T082001_B04,3,ratio_20170312T082001
908,ratio_energy_20170322T081611_B04,3,ratio_20170322T081611
909,ratio_energy_20170531T082011_B04,2,ratio_20170531T082011
910,ratio_energy_20170620T082011_B04,6,ratio_20170620T082011
911,ratio_energy_20170710T082011_B04,6,ratio_20170710T082011
912,ratio_energy_20170715T081609_B04,4,ratio_20170715T081609
913,ratio_energy_20170804T081559_B04,9,ratio_20170804T081559
914,ratio_energy_20170819T082011_B04,4,ratio_20170819T082011
915,ratio_homogeneity_20170131T082151_B04,1,ratio_20170131T082151
916,ratio_homogeneity_20170210T082051_B04,3,ratio_20170210T082051
917,ratio_homogeneity_20170312T082001_B04,9,ratio_20170312T082001
918,ratio_homogeneity_20170322T081611_B04,0,ratio_20170322T081611
919,ratio_homogeneity_20170531T082011_B04,4,ratio_20170531T082011
920,ratio_homogeneity_20170620T082011_B04,7,ratio_20170620T082011
921,ratio_homogeneity_20170710T082011_B04,3,ratio_20170710T082011
922,ratio_homogeneity_20170715T081609_B04,18,ratio_20170715T081609
923,ratio_homogeneity_20170804T081559_B04,1,ratio_20170804T081559
924,ratio_homogeneity_20170819T082011_B04,3,ratio_20170819T082011
925,ratio_max_20170131T082151_B04,6,ratio_20170131T082151
926,ratio_max_20170210T082051_B04,2,ratio_20170210T082051
927,ratio_max_20170312T082001_B04,0,ratio_20170312T082001
928,ratio_max_20170322T081611_B04,2,ratio_20170322T081611
929,ratio_max_20170531T082011_B04,3,ratio_20170531T082011
930,ratio_max_20170620T082011_B04,9,ratio_20170620T082011
931,ratio_max_20170710T082011_B04,2,ratio_20170710T082011
932,ratio_max_20170715T081609_B04,3,ratio_20170715T081609
933,ratio_max_20170804T081559_B04,6,ratio_20170804T081559
934,ratio_max_20170819T082011_B04,7,ratio_20170819T082011
935,ratio_mean_20170131T082151_B04,4,ratio_20170131T082151
936,ratio_mean_20170210T082051_B04,0,ratio_20170210T082051
937,ratio_mean_20170312T082001_B04,7,ratio_20170312T082001
938,ratio_mean_20170322T081611_B04,5,ratio_20170322T081611
939,ratio_mean_20170531T082011_B04,6,ratio_20170531T082011
940,ratio_mean_20170620T082011_B04,5,ratio_20170620T082011
941,ratio_mean_20170710T082011_B04,0,ratio_20170710T082011
942,ratio_mean_20170715T081609_B04,7,ratio_20170715T081609
943,ratio_mean_20170804T081559_B04,11,ratio_20170804T081559
944,ratio_mean_20170819T082011_B04,1,ratio_20170819T082011
945,ratio_median_20170131T082151_B04,1,ratio_20170131T082151
946,ratio_median_20170210T082051_B04,10,ratio_20170210T082051
947,ratio_median_20170312T082001_B04,0,ratio_20170312T082001
948,ratio_median_20170322T081611_B04,2,ratio_20170322T081611
949,ratio_median_20170531T082011_B04,3,ratio_20170531T082011
950,ratio_median_20170620T082011_B04,3,ratio_20170620T082011
951,ratio_median_20170710T082011_B04,3,ratio_20170710T082011
952,ratio_median_20170715T081609_B04,14,ratio_20170715T081609
953,ratio_median_20170804T081559_B04,4,ratio_20170804T081559
954,ratio_median_20170819T082011_B04,0,ratio_20170819T082011
955,ratio_min_20170131T082151_B04,1,ratio_20170131T082151
956,ratio_min_20170210T082051_B04,3,ratio_20170210T082051
957,ratio_min_20170312T082001_B04,0,ratio_20170312T082001
958,ratio_min_20170322T081611_B04,4,ratio_20170322T081611
959,ratio_min_20170531T082011_B04,3,ratio_20170531T082011
960,ratio_min_20170620T082011_B04,4,ratio_20170620T082011
961,ratio_min_20170710T082011_B04,9,ratio_20170710T082011
962,ratio_min_20170715T081609_B04,1,ratio_20170715T081609
963,ratio_min_20170804T081559_B04,5,ratio_20170804T081559
964,ratio_min_20170819T082011_B04,0,ratio_20170819T082011
965,ratio_std_20170131T082151_B04,2,ratio_20170131T082151
966,ratio_std_20170210T082051_B04,4,ratio_20170210T082051
967,ratio_std_20170312T082001_B04,0,ratio_20170312T082001
968,ratio_std_20170322T081611_B04,4,ratio_20170322T081611
969,ratio_std_20170531T082011_B04,5,ratio_20170531T082011
970,ratio_std_20170620T082011_B04,2,ratio_20170620T082011
971,ratio_std_20170710T082011_B04,2,ratio_20170710T082011
972,ratio_std_20170715T081609_B04,4,ratio_20170715T081609
973,ratio_std_20170804T081559_B04,9,ratio_20170804T081559
974,ratio_std_20170819T082011_B04,2,ratio_20170819T082011
975,ratio_max_20170131T082151_B05,8,ratio_20170131T082151
976,ratio_max_20170210T082051_B05,3,ratio_20170210T082051
977,ratio_max_20170312T082001_B05,2,ratio_20170312T082001
978,ratio_max_20170322T081611_B05,5,ratio_20170322T081611
979,ratio_max_20170531T082011_B05,4,ratio_20170531T082011
980,ratio_max_20170620T082011_B05,1,ratio_20170620T082011
981,ratio_max_20170710T082011_B05,2,ratio_20170710T082011
982,ratio_max_20170715T081609_B05,3,ratio_20170715T081609
983,ratio_max_20170804T081559_B05,3,ratio_20170804T081559
984,ratio_max_20170819T082011_B05,5,ratio_20170819T082011
985,ratio_mean_20170131T082151_B05,3,ratio_20170131T082151
986,ratio_mean_20170210T082051_B05,4,ratio_20170210T082051
987,ratio_mean_20170312T082001_B05,1,ratio_20170312T082001
988,ratio_mean_20170322T081611_B05,2,ratio_20170322T081611
989,ratio_mean_20170531T082011_B05,20,ratio_20170531T082011
990,ratio_mean_20170620T082011_B05,7,ratio_20170620T082011
991,ratio_mean_20170710T082011_B05,3,ratio_20170710T082011
992,ratio_mean_20170715T081609_B05,7,ratio_20170715T081609
993,ratio_mean_20170804T081559_B05,3,ratio_20170804T081559
994,ratio_mean_20170819T082011_B05,0,ratio_20170819T082011
995,ratio_median_20170131T082151_B05,1,ratio_20170131T082151
996,ratio_median_20170210T082051_B05,8,ratio_20170210T082051
997,ratio_median_20170312T082001_B05,4,ratio_20170312T082001
998,ratio_median_20170322T081611_B05,4,ratio_20170322T081611
999,ratio_median_20170531T082011_B05,1,ratio_20170531T082011
1000,ratio_median_20170620T082011_B05,4,ratio_20170620T082011
1001,ratio_median_20170710T082011_B05,2,ratio_20170710T082011
1002,ratio_median_20170715T081609_B05,3,ratio_20170715T081609
1003,ratio_median_20170804T081559_B05,1,ratio_20170804T081559
1004,ratio_median_20170819T082011_B05,2,ratio_20170819T082011
1005,ratio_min_20170131T082151_B05,0,ratio_20170131T082151
1006,ratio_min_20170210T082051_B05,13,ratio_20170210T082051
1007,ratio_min_20170312T082001_B05,7,ratio_20170312T082001
1008,ratio_min_20170322T081611_B05,12,ratio_20170322T081611
1009,ratio_min_20170531T082011_B05,9,ratio_20170531T082011
1010,ratio_min_20170620T082011_B05,14,ratio_20170620T082011
1011,ratio_min_20170710T082011_B05,3,ratio_20170710T082011
1012,ratio_min_20170715T081609_B05,10,ratio_20170715T081609
1013,ratio_min_20170804T081559_B05,0,ratio_20170804T081559
1014,ratio_min_20170819T082011_B05,0,ratio_20170819T082011
1015,ratio_std_20170131T082151_B05,9,ratio_20170131T082151
1016,ratio_std_20170210T082051_B05,13,ratio_20170210T082051
1017,ratio_std_20170312T082001_B05,1,ratio_20170312T082001
1018,ratio_std_20170322T081611_B05,7,ratio_20170322T081611
1019,ratio_std_20170531T082011_B05,2,ratio_20170531T082011
1020,ratio_std_20170620T082011_B05,3,ratio_20170620T082011
1021,ratio_std_20170710T082011_B05,2,ratio_20170710T082011
1022,ratio_std_20170715T081609_B05,2,ratio_20170715T081609
1023,ratio_std_20170804T081559_B05,1,ratio_20170804T081559
1024,ratio_std_20170819T082011_B05,2,ratio_20170819T082011
1025,ratio_max_20170131T082151_B06,11,ratio_20170131T082151
1026,ratio_max_20170210T082051_B06,0,ratio_20170210T082051
1027,ratio_max_20170312T082001_B06,0,ratio_20170312T082001
1028,ratio_max_20170322T081611_B06,4,ratio_20170322T081611
1029,ratio_max_20170531T082011_B06,8,ratio_20170531T082011
1030,ratio_max_20170620T082011_B06,1,ratio_20170620T082011
1031,ratio_max_20170710T082011_B06,4,ratio_20170710T082011
1032,ratio_max_20170715T081609_B06,14,ratio_20170715T081609
1033,ratio_max_20170804T081559_B06,3,ratio_20170804T081559
1034,ratio_max_20170819T082011_B06,1,ratio_20170819T082011
1035,ratio_mean_20170131T082151_B06,2,ratio_20170131T082151
1036,ratio_mean_20170210T082051_B06,2,ratio_20170210T082051
1037,ratio_mean_20170312T082001_B06,4,ratio_20170312T082001
1038,ratio_mean_20170322T081611_B06,4,ratio_20170322T081611
1039,ratio_mean_20170531T082011_B06,6,ratio_20170531T082011
1040,ratio_mean_20170620T082011_B06,5,ratio_20170620T082011
1041,ratio_mean_20170710T082011_B06,4,ratio_20170710T082011
1042,ratio_mean_20170715T081609_B06,2,ratio_20170715T081609
1043,ratio_mean_20170804T081559_B06,6,ratio_20170804T081559
1044,ratio_mean_20170819T082011_B06,0,ratio_20170819T082011
1045,ratio_median_20170131T082151_B06,3,ratio_20170131T082151
1046,ratio_median_20170210T082051_B06,2,ratio_20170210T082051
1047,ratio_median_20170312T082001_B06,2,ratio_20170312T082001
1048,ratio_median_20170322T081611_B06,5,ratio_20170322T081611
1049,ratio_median_20170531T082011_B06,5,ratio_20170531T082011
1050,ratio_median_20170620T082011_B06,5,ratio_20170620T082011
1051,ratio_median_20170710T082011_B06,2,ratio_20170710T082011
1052,ratio_median_20170715T081609_B06,4,ratio_20170715T081609
1053,ratio_median_20170804T081559_B06,7,ratio_20170804T081559
1054,ratio_median_20170819T082011_B06,3,ratio_20170819T082011
1055,ratio_min_20170131T082151_B06,10,ratio_20170131T082151
1056,ratio_min_20170210T082051_B06,2,ratio_20170210T082051
1057,ratio_min_20170312T082001_B06,0,ratio_20170312T082001
1058,ratio_min_20170322T081611_B06,3,ratio_20170322T081611
1059,ratio_min_20170531T082011_B06,5,ratio_20170531T082011
1060,ratio_min_20170620T082011_B06,3,ratio_20170620T082011
1061,ratio_min_20170710T082011_B06,6,ratio_20170710T082011
1062,ratio_min_20170715T081609_B06,9,ratio_20170715T081609
1063,ratio_min_20170804T081559_B06,0,ratio_20170804T081559
1064,ratio_min_20170819T082011_B06,2,ratio_20170819T082011
1065,ratio_std_20170131T082151_B06,1,ratio_20170131T082151
1066,ratio_std_20170210T082051_B06,0,ratio_20170210T082051
1067,ratio_std_20170312T082001_B06,1,ratio_20170312T082001
1068,ratio_std_20170322T081611_B06,7,ratio_20170322T081611
1069,ratio_std_20170531T082011_B06,6,ratio_20170531T082011
1070,ratio_std_20170620T082011_B06,1,ratio_20170620T082011
1071,ratio_std_20170710T082011_B06,12,ratio_20170710T082011
1072,ratio_std_20170715T081609_B06,2,ratio_20170715T081609
1073,ratio_std_20170804T081559_B06,2,ratio_20170804T081559
1074,ratio_std_20170819T082011_B06,2,ratio_20170819T082011
1075,ratio_max_20170131T082151_B07,6,ratio_20170131T082151
1076,ratio_max_20170210T082051_B07,1,ratio_20170210T082051
1077,ratio_max_20170312T082001_B07,10,ratio_20170312T082001
1078,ratio_max_20170322T081611_B07,10,ratio_20170322T081611
1079,ratio_max_20170531T082011_B07,5,ratio_20170531T082011
1080,ratio_max_20170620T082011_B07,7,ratio_20170620T082011
1081,ratio_max_20170710T082011_B07,8,ratio_20170710T082011
1082,ratio_max_20170715T081609_B07,1,ratio_20170715T081609
1083,ratio_max_20170804T081559_B07,4,ratio_20170804T081559
1084,ratio_max_20170819T082011_B07,10,ratio_20170819T082011
1085,ratio_mean_20170131T082151_B07,8,ratio_20170131T082151
1086,ratio_mean_20170210T082051_B07,9,ratio_20170210T082051
1087,ratio_mean_20170312T082001_B07,1,ratio_20170312T082001
1088,ratio_mean_20170322T081611_B07,9,ratio_20170322T081611
1089,ratio_mean_20170531T082011_B07,3,ratio_20170531T082011
1090,ratio_mean_20170620T082011_B07,4,ratio_20170620T082011
1091,ratio_mean_20170710T082011_B07,3,ratio_20170710T082011
1092,ratio_mean_20170715T081609_B07,2,ratio_20170715T081609
1093,ratio_mean_20170804T081559_B07,1,ratio_20170804T081559
1094,ratio_mean_20170819T082011_B07,4,ratio_20170819T082011
1095,ratio_median_20170131T082151_B07,2,ratio_20170131T082151
1096,ratio_median_20170210T082051_B07,2,ratio_20170210T082051
1097,ratio_median_20170312T082001_B07,4,ratio_20170312T082001
1098,ratio_median_20170322T081611_B07,2,ratio_20170322T081611
1099,ratio_median_20170531T082011_B07,3,ratio_20170531T082011
1100,ratio_median_20170620T082011_B07,1,ratio_20170620T082011
1101,ratio_median_20170710T082011_B07,9,ratio_20170710T082011
1102,ratio_median_20170715T081609_B07,3,ratio_20170715T081609
1103,ratio_median_20170804T081559_B07,0,ratio_20170804T081559
1104,ratio_median_20170819T082011_B07,3,ratio_20170819T082011
1105,ratio_min_20170131T082151_B07,7,ratio_20170131T082151
1106,ratio_min_20170210T082051_B07,3,ratio_20170210T082051
1107,ratio_min_20170312T082001_B07,4,ratio_20170312T082001
1108,ratio_min_20170322T081611_B07,4,ratio_20170322T081611
1109,ratio_min_20170531T082011_B07,5,ratio_20170531T082011
1110,ratio_min_20170620T082011_B07,3,ratio_20170620T082011
1111,ratio_min_20170710T082011_B07,0,ratio_20170710T082011
1112,ratio_min_20170715T081609_B07,0,ratio_20170715T081609
1113,ratio_min_20170804T081559_B07,4,ratio_20170804T081559
1114,ratio_min_20170819T082011_B07,2,ratio_20170819T082011
1115,ratio_std_20170131T082151_B07,4,ratio_20170131T082151
1116,ratio_std_20170210T082051_B07,3,ratio_20170210T082051
1117,ratio_std_20170312T082001_B07,1,ratio_20170312T082001
1118,ratio_std_20170322T081611_B07,6,ratio_20170322T081611
1119,ratio_std_20170531T082011_B07,4,ratio_20170531T082011
1120,ratio_std_20170620T082011_B07,0,ratio_20170620T082011
1121,ratio_std_20170710T082011_B07,6,ratio_20170710T082011
1122,ratio_std_20170715T081609_B07,3,ratio_20170715T081609
1123,ratio_std_20170804T081559_B07,6,ratio_20170804T081559
1124,ratio_std_20170819T082011_B07,1,ratio_20170819T082011
1125,ratio_contrast_20170131T082151_B08,2,ratio_20170131T082151
1126,ratio_contrast_20170210T082051_B08,4,ratio_20170210T082051
1127,ratio_contrast_20170312T082001_B08,22,ratio_20170312T082001
1128,ratio_contrast_20170322T081611_B08,8,ratio_20170322T081611
1129,ratio_contrast_20170531T082011_B08,4,ratio_20170531T082011
1130,ratio_contrast_20170620T082011_B08,12,ratio_20170620T082011
1131,ratio_contrast_20170710T082011_B08,6,ratio_20170710T082011
1132,ratio_contrast_20170715T081609_B08,0,ratio_20170715T081609
1133,ratio_contrast_20170804T081559_B08,0,ratio_20170804T081559
1134,ratio_contrast_20170819T082011_B08,23,ratio_20170819T082011
1135,ratio_correlation_20170131T082151_B08,1,ratio_20170131T082151
1136,ratio_correlation_20170210T082051_B08,3,ratio_20170210T082051
1137,ratio_correlation_20170312T082001_B08,1,ratio_20170312T082001
1138,ratio_correlation_20170322T081611_B08,2,ratio_20170322T081611
1139,ratio_correlation_20170531T082011_B08,6,ratio_20170531T082011
1140,ratio_correlation_20170620T082011_B08,0,ratio_20170620T082011
1141,ratio_correlation_20170710T082011_B08,6,ratio_20170710T082011
1142,ratio_correlation_20170715T081609_B08,1,ratio_20170715T081609
1143,ratio_correlation_20170804T081559_B08,8,ratio_20170804T081559
1144,ratio_correlation_20170819T082011_B08,3,ratio_20170819T082011
1145,ratio_dissimilarity_20170131T082151_B08,2,ratio_20170131T082151
1146,ratio_dissimilarity_20170210T082051_B08,10,ratio_20170210T082051
1147,ratio_dissimilarity_20170312T082001_B08,10,ratio_20170312T082001
1148,ratio_dissimilarity_20170322T081611_B08,8,ratio_20170322T081611
1149,ratio_dissimilarity_20170531T082011_B08,3,ratio_20170531T082011
1150,ratio_dissimilarity_20170620T082011_B08,5,ratio_20170620T082011
1151,ratio_dissimilarity_20170710T082011_B08,14,ratio_20170710T082011
1152,ratio_dissimilarity_20170715T081609_B08,0,ratio_20170715T081609
1153,ratio_dissimilarity_20170804T081559_B08,3,ratio_20170804T081559
1154,ratio_dissimilarity_20170819T082011_B08,5,ratio_20170819T082011
1155,ratio_energy_20170131T082151_B08,5,ratio_20170131T082151
1156,ratio_energy_20170210T082051_B08,2,ratio_20170210T082051
1157,ratio_energy_20170312T082001_B08,1,ratio_20170312T082001
1158,ratio_energy_20170322T081611_B08,8,ratio_20170322T081611
1159,ratio_energy_20170531T082011_B08,4,ratio_20170531T082011
1160,ratio_energy_20170620T082011_B08,3,ratio_20170620T082011
1161,ratio_energy_20170710T082011_B08,7,ratio_20170710T082011
1162,ratio_energy_20170715T081609_B08,1,ratio_20170715T081609
1163,ratio_energy_20170804T081559_B08,10,ratio_20170804T081559
1164,ratio_energy_20170819T082011_B08,0,ratio_20170819T082011
1165,ratio_homogeneity_20170131T082151_B08,4,ratio_20170131T082151
1166,ratio_homogeneity_20170210T082051_B08,0,ratio_20170210T082051
1167,ratio_homogeneity_20170312T082001_B08,5,ratio_20170312T082001
1168,ratio_homogeneity_20170322T081611_B08,3,ratio_20170322T081611
1169,ratio_homogeneity_20170531T082011_B08,8,ratio_20170531T082011
1170,ratio_homogeneity_20170620T082011_B08,4,ratio_20170620T082011
1171,ratio_homogeneity_20170710T082011_B08,2,ratio_20170710T082011
1172,ratio_homogeneity_20170715T081609_B08,0,ratio_20170715T081609
1173,ratio_homogeneity_20170804T081559_B08,4,ratio_20170804T081559
1174,ratio_homogeneity_20170819T082011_B08,9,ratio_20170819T082011
1175,ratio_max_20170131T082151_B08,7,ratio_20170131T082151
1176,ratio_max_20170210T082051_B08,6,ratio_20170210T082051
1177,ratio_max_20170312T082001_B08,4,ratio_20170312T082001
1178,ratio_max_20170322T081611_B08,8,ratio_20170322T081611
1179,ratio_max_20170531T082011_B08,2,ratio_20170531T082011
1180,ratio_max_20170620T082011_B08,7,ratio_20170620T082011
1181,ratio_max_20170710T082011_B08,3,ratio_20170710T082011
1182,ratio_max_20170715T081609_B08,8,ratio_20170715T081609
1183,ratio_max_20170804T081559_B08,1,ratio_20170804T081559
1184,ratio_max_20170819T082011_B08,4,ratio_20170819T082011
1185,ratio_mean_20170131T082151_B08,4,ratio_20170131T082151
1186,ratio_mean_20170210T082051_B08,4,ratio_20170210T082051
1187,ratio_mean_20170312T082001_B08,4,ratio_20170312T082001
1188,ratio_mean_20170322T081611_B08,3,ratio_20170322T081611
1189,ratio_mean_20170531T082011_B08,2,ratio_20170531T082011
1190,ratio_mean_20170620T082011_B08,10,ratio_20170620T082011
1191,ratio_mean_20170710T082011_B08,7,ratio_20170710T082011
1192,ratio_mean_20170715T081609_B08,7,ratio_20170715T081609
1193,ratio_mean_20170804T081559_B08,0,ratio_20170804T081559
1194,ratio_mean_20170819T082011_B08,3,ratio_20170819T082011
1195,ratio_median_20170131T082151_B08,2,ratio_20170131T082151
1196,ratio_median_20170210T082051_B08,3,ratio_20170210T082051
1197,ratio_median_20170312T082001_B08,1,ratio_20170312T082001
1198,ratio_median_20170322T081611_B08,8,ratio_20170322T081611
1199,ratio_median_20170531T082011_B08,1,ratio_20170531T082011
1200,ratio_median_20170620T082011_B08,2,ratio_20170620T082011
1201,ratio_median_20170710T082011_B08,2,ratio_20170710T082011
1202,ratio_median_20170715T081609_B08,2,ratio_20170715T081609
1203,ratio_median_20170804T081559_B08,1,ratio_20170804T081559
1204,ratio_median_20170819T082011_B08,1,ratio_20170819T082011
1205,ratio_min_20170131T082151_B08,2,ratio_20170131T082151
1206,ratio_min_20170210T082051_B08,7,ratio_20170210T082051
1207,ratio_min_20170312T082001_B08,1,ratio_20170312T082001
1208,ratio_min_20170322T081611_B08,4,ratio_20170322T081611
1209,ratio_min_20170531T082011_B08,5,ratio_20170531T082011
1210,ratio_min_20170620T082011_B08,0,ratio_20170620T082011
1211,ratio_min_20170710T082011_B08,1,ratio_20170710T082011
1212,ratio_min_20170715T081609_B08,1,ratio_20170715T081609
1213,ratio_min_20170804T081559_B08,1,ratio_20170804T081559
1214,ratio_min_20170819T082011_B08,4,ratio_20170819T082011
1215,ratio_std_20170131T082151_B08,10,ratio_20170131T082151
1216,ratio_std_20170210T082051_B08,4,ratio_20170210T082051
1217,ratio_std_20170312T082001_B08,1,ratio_20170312T082001
1218,ratio_std_20170322T081611_B08,11,ratio_20170322T081611
1219,ratio_std_20170531T082011_B08,3,ratio_20170531T082011
1220,ratio_std_20170620T082011_B08,0,ratio_20170620T082011
1221,ratio_std_20170710T082011_B08,6,ratio_20170710T082011
1222,ratio_std_20170715T081609_B08,0,ratio_20170715T081609
1223,ratio_std_20170804T081559_B08,1,ratio_20170804T081559
1224,ratio_std_20170819T082011_B08,1,ratio_20170819T082011
1225,ratio_max_20170131T082151_B09,4,ratio_20170131T082151
1226,ratio_max_20170210T082051_B09,1,ratio_20170210T082051
1227,ratio_max_20170312T082001_B09,6,ratio_20170312T082001
1228,ratio_max_20170322T081611_B09,6,ratio_20170322T081611
1229,ratio_max_20170531T082011_B09,1,ratio_20170531T082011
1230,ratio_max_20170620T082011_B09,3,ratio_20170620T082011
1231,ratio_max_20170710T082011_B09,3,ratio_20170710T082011
1232,ratio_max_20170715T081609_B09,4,ratio_20170715T081609
1233,ratio_max_20170804T081559_B09,0,ratio_20170804T081559
1234,ratio_max_20170819T082011_B09,3,ratio_20170819T082011
1235,ratio_mean_20170131T082151_B09,3,ratio_20170131T082151
1236,ratio_mean_20170210T082051_B09,4,ratio_20170210T082051
1237,ratio_mean_20170312T082001_B09,7,ratio_20170312T082001
1238,ratio_mean_20170322T081611_B09,2,ratio_20170322T081611
1239,ratio_mean_20170531T082011_B09,0,ratio_20170531T082011
1240,ratio_mean_20170620T082011_B09,5,ratio_20170620T082011
1241,ratio_mean_20170710T082011_B09,3,ratio_20170710T082011
1242,ratio_mean_20170715T081609_B09,3,ratio_20170715T081609
1243,ratio_mean_20170804T081559_B09,0,ratio_20170804T081559
1244,ratio_mean_20170819T082011_B09,1,ratio_20170819T082011
1245,ratio_median_20170131T082151_B09,5,ratio_20170131T082151
1246,ratio_median_20170210T082051_B09,3,ratio_20170210T082051
1247,ratio_median_20170312T082001_B09,6,ratio_20170312T082001
1248,ratio_median_20170322T081611_B09,3,ratio_20170322T081611
1249,ratio_median_20170531T082011_B09,6,ratio_20170531T082011
1250,ratio_median_20170620T082011_B09,5,ratio_20170620T082011
1251,ratio_median_20170710T082011_B09,4,ratio_20170710T082011
1252,ratio_median_20170715T081609_B09,9,ratio_20170715T081609
1253,ratio_median_20170804T081559_B09,1,ratio_20170804T081559
1254,ratio_median_20170819T082011_B09,3,ratio_20170819T082011
1255,ratio_min_20170131T082151_B09,2,ratio_20170131T082151
1256,ratio_min_20170210T082051_B09,2,ratio_20170210T082051
1257,ratio_min_20170312T082001_B09,3,ratio_20170312T082001
1258,ratio_min_20170322T081611_B09,3,ratio_20170322T081611
1259,ratio_min_20170531T082011_B09,6,ratio_20170531T082011
1260,ratio_min_20170620T082011_B09,4,ratio_20170620T082011
1261,ratio_min_20170710T082011_B09,1,ratio_20170710T082011
1262,ratio_min_20170715T081609_B09,6,ratio_20170715T081609
1263,ratio_min_20170804T081559_B09,0,ratio_20170804T081559
1264,ratio_min_20170819T082011_B09,0,ratio_20170819T082011
1265,ratio_std_20170131T082151_B09,15,ratio_20170131T082151
1266,ratio_std_20170210T082051_B09,4,ratio_20170210T082051
1267,ratio_std_20170312T082001_B09,4,ratio_20170312T082001
1268,ratio_std_20170322T081611_B09,0,ratio_20170322T081611
1269,ratio_std_20170531T082011_B09,11,ratio_20170531T082011
1270,ratio_std_20170620T082011_B09,7,ratio_20170620T082011
1271,ratio_std_20170710T082011_B09,1,ratio_20170710T082011
1272,ratio_std_20170715T081609_B09,2,ratio_20170715T081609
1273,ratio_std_20170804T081559_B09,7,ratio_20170804T081559
1274,ratio_std_20170819T082011_B09,3,ratio_20170819T082011
1275,ratio_max_20170131T082151_B10,0,ratio_20170131T082151
1276,ratio_max_20170210T082051_B10,1,ratio_20170210T082051
1277,ratio_max_20170312T082001_B10,2,ratio_20170312T082001
1278,ratio_max_20170322T081611_B10,0,ratio_20170322T081611
1279,ratio_max_20170531T082011_B10,2,ratio_20170531T082011
1280,ratio_max_20170620T082011_B10,1,ratio_20170620T082011
1281,ratio_max_20170710T082011_B10,2,ratio_20170710T082011
1282,ratio_max_20170715T081609_B10,2,ratio_20170715T081609
1283,ratio_max_20170804T081559_B10,1,ratio_20170804T081559
1284,ratio_max_20170819T082011_B10,4,ratio_20170819T082011
1285,ratio_mean_20170131T082151_B10,1,ratio_20170131T082151
1286,ratio_mean_20170210T082051_B10,1,ratio_20170210T082051
1287,ratio_mean_20170312T082001_B10,1,ratio_20170312T082001
1288,ratio_mean_20170322T081611_B10,2,ratio_20170322T081611
1289,ratio_mean_20170531T082011_B10,2,ratio_20170531T082011
1290,ratio_mean_20170620T082011_B10,1,ratio_20170620T082011
1291,ratio_mean_20170710T082011_B10,1,ratio_20170710T082011
1292,ratio_mean_20170715T081609_B10,3,ratio_20170715T081609
1293,ratio_mean_20170804T081559_B10,3,ratio_20170804T081559
1294,ratio_mean_20170819T082011_B10,3,ratio_20170819T082011
1295,ratio_median_20170131T082151_B10,8,ratio_20170131T082151
1296,ratio_median_20170210T082051_B10,0,ratio_20170210T082051
1297,ratio_median_20170312T082001_B10,3,ratio_20170312T082001
1298,ratio_median_20170322T081611_B10,1,ratio_20170322T081611
1299,ratio_median_20170531T082011_B10,2,ratio_20170531T082011
1300,ratio_median_20170620T082011_B10,2,ratio_20170620T082011
1301,ratio_median_20170710T082011_B10,2,ratio_20170710T082011
1302,ratio_median_20170715T081609_B10,10,ratio_20170715T081609
1303,ratio_median_20170804T081559_B10,4,ratio_20170804T081559
1304,ratio_median_20170819T082011_B10,5,ratio_20170819T082011
1305,ratio_min_20170131T082151_B10,3,ratio_20170131T082151
1306,ratio_min_20170210T082051_B10,2,ratio_20170210T082051
1307,ratio_min_20170312T082001_B10,6,ratio_20170312T082001
1308,ratio_min_20170322T081611_B10,1,ratio_20170322T081611
1309,ratio_min_20170531T082011_B10,6,ratio_20170531T082011
1310,ratio_min_20170620T082011_B10,6,ratio_20170620T082011
1311,ratio_min_20170710T082011_B10,1,ratio_20170710T082011
1312,ratio_min_20170715T081609_B10,2,ratio_20170715T081609
1313,ratio_min_20170804T081559_B10,4,ratio_20170804T081559
1314,ratio_min_20170819T082011_B10,1,ratio_20170819T082011
1315,ratio_std_20170131T082151_B10,11,ratio_20170131T082151
1316,ratio_std_20170210T082051_B10,0,ratio_20170210T082051
1317,ratio_std_20170312T082001_B10,8,ratio_20170312T082001
1318,ratio_std_20170322T081611_B10,2,ratio_20170322T081611
1319,ratio_std_20170531T082011_B10,6,ratio_20170531T082011
1320,ratio_std_20170620T082011_B10,2,ratio_20170620T082011
1321,ratio_std_20170710T082011_B10,9,ratio_20170710T082011
1322,ratio_std_20170715T081609_B10,4,ratio_20170715T081609
1323,ratio_std_20170804T081559_B10,6,ratio_20170804T081559
1324,ratio_std_20170819T082011_B10,5,ratio_20170819T082011
1325,ratio_max_20170131T082151_B11,2,ratio_20170131T082151
1326,ratio_max_20170210T082051_B11,7,ratio_20170210T082051
1327,ratio_max_20170312T082001_B11,5,ratio_20170312T082001
1328,ratio_max_20170322T081611_B11,4,ratio_20170322T081611
1329,ratio_max_20170531T082011_B11,0,ratio_20170531T082011
1330,ratio_max_20170620T082011_B11,7,ratio_20170620T082011
1331,ratio_max_20170710T082011_B11,2,ratio_20170710T082011
1332,ratio_max_20170715T081609_B11,0,ratio_20170715T081609
1333,ratio_max_20170804T081559_B11,2,ratio_20170804T081559
1334,ratio_max_20170819T082011_B11,1,ratio_20170819T082011
1335,ratio_mean_20170131T082151_B11,3,ratio_20170131T082151
1336,ratio_mean_20170210T082051_B11,1,ratio_20170210T082051
1337,ratio_mean_20170312T082001_B11,1,ratio_20170312T082001
1338,ratio_mean_20170322T081611_B11,2,ratio_20170322T081611
1339,ratio_mean_20170531T082011_B11,13,ratio_20170531T082011
1340,ratio_mean_20170620T082011_B11,9,ratio_20170620T082011
1341,ratio_mean_20170710T082011_B11,6,ratio_20170710T082011
1342,ratio_mean_20170715T081609_B11,2,ratio_20170715T081609
1343,ratio_mean_20170804T081559_B11,1,ratio_20170804T081559
1344,ratio_mean_20170819T082011_B11,2,ratio_20170819T082011
1345,ratio_median_20170131T082151_B11,1,ratio_20170131T082151
1346,ratio_median_20170210T082051_B11,2,ratio_20170210T082051
1347,ratio_median_20170312T082001_B11,4,ratio_20170312T082001
1348,ratio_median_20170322T081611_B11,1,ratio_20170322T081611
1349,ratio_median_20170531T082011_B11,2,ratio_20170531T082011
1350,ratio_median_20170620T082011_B11,20,ratio_20170620T082011
1351,ratio_median_20170710T082011_B11,8,ratio_20170710T082011
1352,ratio_median_20170715T081609_B11,5,ratio_20170715T081609
1353,ratio_median_20170804T081559_B11,2,ratio_20170804T081559
1354,ratio_median_20170819T082011_B11,2,ratio_20170819T082011
1355,ratio_min_20170131T082151_B11,6,ratio_20170131T082151
1356,ratio_min_20170210T082051_B11,5,ratio_20170210T082051
1357,ratio_min_20170312T082001_B11,1,ratio_20170312T082001
1358,ratio_min_20170322T081611_B11,3,ratio_20170322T081611
1359,ratio_min_20170531T082011_B11,11,ratio_20170531T082011
1360,ratio_min_20170620T082011_B11,9,ratio_20170620T082011
1361,ratio_min_20170710T082011_B11,4,ratio_20170710T082011
1362,ratio_min_20170715T081609_B11,2,ratio_20170715T081609
1363,ratio_min_20170804T081559_B11,2,ratio_20170804T081559
1364,ratio_min_20170819T082011_B11,2,ratio_20170819T082011
1365,ratio_std_20170131T082151_B11,1,ratio_20170131T082151
1366,ratio_std_20170210T082051_B11,6,ratio_20170210T082051
1367,ratio_std_20170312T082001_B11,4,ratio_20170312T082001
1368,ratio_std_20170322T081611_B11,4,ratio_20170322T081611
1369,ratio_std_20170531T082011_B11,3,ratio_20170531T082011
1370,ratio_std_20170620T082011_B11,10,ratio_20170620T082011
1371,ratio_std_20170710T082011_B11,2,ratio_20170710T082011
1372,ratio_std_20170715T081609_B11,0,ratio_20170715T081609
1373,ratio_std_20170804T081559_B11,1,ratio_20170804T081559
1374,ratio_std_20170819T082011_B11,4,ratio_20170819T082011
1375,ratio_max_20170131T082151_B12,4,ratio_20170131T082151
1376,ratio_max_20170210T082051_B12,7,ratio_20170210T082051
1377,ratio_max_20170312T082001_B12,3,ratio_20170312T082001
1378,ratio_max_20170322T081611_B12,2,ratio_20170322T081611
1379,ratio_max_20170531T082011_B12,4,ratio_20170531T082011
1380,ratio_max_20170620T082011_B12,13,ratio_20170620T082011
1381,ratio_max_20170710T082011_B12,5,ratio_20170710T082011
1382,ratio_max_20170715T081609_B12,4,ratio_20170715T081609
1383,ratio_max_20170804T081559_B12,12,ratio_20170804T081559
1384,ratio_max_20170819T082011_B12,0,ratio_20170819T082011
1385,ratio_mean_20170131T082151_B12,9,ratio_20170131T082151
1386,ratio_mean_20170210T082051_B12,5,ratio_20170210T082051
1387,ratio_mean_20170312T082001_B12,7,ratio_20170312T082001
1388,ratio_mean_20170322T081611_B12,16,ratio_20170322T081611
1389,ratio_mean_20170531T082011_B12,7,ratio_20170531T082011
1390,ratio_mean_20170620T082011_B12,9,ratio_20170620T082011
1391,ratio_mean_20170710T082011_B12,2,ratio_20170710T082011
1392,ratio_mean_20170715T081609_B12,4,ratio_20170715T081609
1393,ratio_mean_20170804T081559_B12,5,ratio_20170804T081559
1394,ratio_mean_20170819T082011_B12,2,ratio_20170819T082011
1395,ratio_median_20170131T082151_B12,2,ratio_20170131T082151
1396,ratio_median_20170210T082051_B12,11,ratio_20170210T082051
1397,ratio_median_20170312T082001_B12,2,ratio_20170312T082001
1398,ratio_median_20170322T081611_B12,3,ratio_20170322T081611
1399,ratio_median_20170531T082011_B12,3,ratio_20170531T082011
1400,ratio_median_20170620T082011_B12,8,ratio_20170620T082011
1401,ratio_median_20170710T082011_B12,7,ratio_20170710T082011
1402,ratio_median_20170715T081609_B12,6,ratio_20170715T081609
1403,ratio_median_20170804T081559_B12,7,ratio_20170804T081559
1404,ratio_median_20170819T082011_B12,3,ratio_20170819T082011
1405,ratio_min_20170131T082151_B12,6,ratio_20170131T082151
1406,ratio_min_20170210T082051_B12,9,ratio_20170210T082051
1407,ratio_min_20170312T082001_B12,4,ratio_20170312T082001
1408,ratio_min_20170322T081611_B12,20,ratio_20170322T081611
1409,ratio_min_20170531T082011_B12,6,ratio_20170531T082011
1410,ratio_min_20170620T082011_B12,7,ratio_20170620T082011
1411,ratio_min_20170710T082011_B12,12,ratio_20170710T082011
1412,ratio_min_20170715T081609_B12,4,ratio_20170715T081609
1413,ratio_min_20170804T081559_B12,1,ratio_20170804T081559
1414,ratio_min_20170819T082011_B12,2,ratio_20170819T082011
1415,ratio_std_20170131T082151_B12,0,ratio_20170131T082151
1416,ratio_std_20170210T082051_B12,3,ratio_20170210T082051
1417,ratio_std_20170312T082001_B12,2,ratio_20170312T082001
1418,ratio_std_20170322T081611_B12,6,ratio_20170322T081611
1419,ratio_std_20170531T082011_B12,14,ratio_20170531T082011
1420,ratio_std_20170620T082011_B12,0,ratio_20170620T082011
1421,ratio_std_20170710T082011_B12,2,ratio_20170710T082011
1422,ratio_std_20170715T081609_B12,0,ratio_20170715T081609
1423,ratio_std_20170804T081559_B12,0,ratio_20170804T081559
1424,ratio_std_20170819T082011_B12,3,ratio_20170819T082011
1425,ratio_max_20170131T082151_B8A,14,ratio_20170131T082151
1426,ratio_max_20170210T082051_B8A,1,ratio_20170210T082051
1427,ratio_max_20170312T082001_B8A,3,ratio_20170312T082001
1428,ratio_max_20170322T081611_B8A,7,ratio_20170322T081611
1429,ratio_max_20170531T082011_B8A,6,ratio_20170531T082011
1430,ratio_max_20170620T082011_B8A,2,ratio_20170620T082011
1431,ratio_max_20170710T082011_B8A,11,ratio_20170710T082011
1432,ratio_max_20170715T081609_B8A,4,ratio_20170715T081609
1433,ratio_max_20170804T081559_B8A,3,ratio_20170804T081559
1434,ratio_max_20170819T082011_B8A,4,ratio_20170819T082011
1435,ratio_mean_20170131T082151_B8A,7,ratio_20170131T082151
1436,ratio_mean_20170210T082051_B8A,7,ratio_20170210T082051
1437,ratio_mean_20170312T082001_B8A,1,ratio_20170312T082001
1438,ratio_mean_20170322T081611_B8A,7,ratio_20170322T081611
1439,ratio_mean_20170531T082011_B8A,5,ratio_20170531T082011
1440,ratio_mean_20170620T082011_B8A,10,ratio_20170620T082011
1441,ratio_mean_20170710T082011_B8A,6,ratio_20170710T082011
1442,ratio_mean_20170715T081609_B8A,8,ratio_20170715T081609
1443,ratio_mean_20170804T081559_B8A,4,ratio_20170804T081559
1444,ratio_mean_20170819T082011_B8A,3,ratio_20170819T082011
1445,ratio_median_20170131T082151_B8A,4,ratio_20170131T082151
1446,ratio_median_20170210T082051_B8A,0,ratio_20170210T082051
1447,ratio_median_20170312T082001_B8A,2,ratio_20170312T082001
1448,ratio_median_20170322T081611_B8A,4,ratio_20170322T081611
1449,ratio_median_20170531T082011_B8A,3,ratio_20170531T082011
1450,ratio_median_20170620T082011_B8A,4,ratio_20170620T082011
1451,ratio_median_20170710T082011_B8A,1,ratio_20170710T082011
1452,ratio_median_20170715T081609_B8A,3,ratio_20170715T081609
1453,ratio_median_20170804T081559_B8A,1,ratio_20170804T081559
1454,ratio_median_20170819T082011_B8A,9,ratio_20170819T082011
1455,ratio_min_20170131T082151_B8A,3,ratio_20170131T082151
1456,ratio_min_20170210T082051_B8A,2,ratio_20170210T082051
1457,ratio_min_20170312T082001_B8A,2,ratio_20170312T082001
1458,ratio_min_20170322T081611_B8A,3,ratio_20170322T081611
1459,ratio_min_20170531T082011_B8A,3,ratio_20170531T082011
1460,ratio_min_20170620T082011_B8A,5,ratio_20170620T082011
1461,ratio_min_20170710T082011_B8A,2,ratio_20170710T082011
1462,ratio_min_20170715T081609_B8A,3,ratio_20170715T081609
1463,ratio_min_20170804T081559_B8A,1,ratio_20170804T081559
1464,ratio_min_20170819T082011_B8A,2,ratio_20170819T082011
1465,ratio_std_20170131T082151_B8A,4,ratio_20170131T082151
1466,ratio_std_20170210T082051_B8A,3,ratio_20170210T082051
1467,ratio_std_20170312T082001_B8A,1,ratio_20170312T082001
1468,ratio_std_20170322T081611_B8A,2,ratio_20170322T081611
1469,ratio_std_20170531T082011_B8A,6,ratio_20170531T082011
1470,ratio_std_20170620T082011_B8A,2,ratio_20170620T082011
1471,ratio_std_20170710T082011_B8A,6,ratio_20170710T082011
1472,ratio_std_20170715T081609_B8A,2,ratio_20170715T081609
1473,ratio_std_20170804T081559_B8A,2,ratio_20170804T081559
1474,ratio_std_20170819T082011_B8A,6,ratio_20170819T082011
1475,ratio_max_20170131T082151_NDVI,5,ratio_20170131T082151
1476,ratio_max_20170210T082051_NDVI,6,ratio_20170210T082051
1477,ratio_max_20170312T082001_NDVI,9,ratio_20170312T082001
1478,ratio_max_20170322T081611_NDVI,18,ratio_20170322T081611
1479,ratio_max_20170531T082011_NDVI,6,ratio_20170531T082011
1480,ratio_max_20170620T082011_NDVI,3,ratio_20170620T082011
1481,ratio_max_20170710T082011_NDVI,7,ratio_20170710T082011
1482,ratio_max_20170715T081609_NDVI,9,ratio_20170715T081609
1483,ratio_max_20170804T081559_NDVI,2,ratio_20170804T081559
1484,ratio_max_20170819T082011_NDVI,3,ratio_20170819T082011
1485,ratio_mean_20170131T082151_NDVI,21,ratio_20170131T082151
1486,ratio_mean_20170210T082051_NDVI,23,ratio_20170210T082051
1487,ratio_mean_20170312T082001_NDVI,11,ratio_20170312T082001
1488,ratio_mean_20170322T081611_NDVI,15,ratio_20170322T081611
1489,ratio_mean_20170531T082011_NDVI,38,ratio_20170531T082011
1490,ratio_mean_20170620T082011_NDVI,13,ratio_20170620T082011
1491,ratio_mean_20170710T082011_NDVI,13,ratio_20170710T082011
1492,ratio_mean_20170715T081609_NDVI,23,ratio_20170715T081609
1493,ratio_mean_20170804T081559_NDVI,5,ratio_20170804T081559
1494,ratio_mean_20170819T082011_NDVI,5,ratio_20170819T082011
1495,ratio_median_20170131T082151_NDVI,9,ratio_20170131T082151
1496,ratio_median_20170210T082051_NDVI,8,ratio_20170210T082051
1497,ratio_median_20170312T082001_NDVI,4,ratio_20170312T082001
1498,ratio_median_20170322T081611_NDVI,7,ratio_20170322T081611
1499,ratio_median_20170531T082011_NDVI,6,ratio_20170531T082011
1500,ratio_median_20170620T082011_NDVI,3,ratio_20170620T082011
1501,ratio_median_20170710T082011_NDVI,5,ratio_20170710T082011
1502,ratio_median_20170715T081609_NDVI,4,ratio_20170715T081609
1503,ratio_median_20170804T081559_NDVI,2,ratio_20170804T081559
1504,ratio_median_20170819T082011_NDVI,2,ratio_20170819T082011
1505,ratio_min_20170131T082151_NDVI,10,ratio_20170131T082151
1506,ratio_min_20170210T082051_NDVI,2,ratio_20170210T082051
1507,ratio_min_20170312T082001_NDVI,5,ratio_20170312T082001
1508,ratio_min_20170322T081611_NDVI,1,ratio_20170322T081611
1509,ratio_min_20170531T082011_NDVI,10,ratio_20170531T082011
1510,ratio_min_20170620T082011_NDVI,18,ratio_20170620T082011
1511,ratio_min_20170710T082011_NDVI,9,ratio_20170710T082011
1512,ratio_min_20170715T081609_NDVI,2,ratio_20170715T081609
1513,ratio_min_20170804T081559_NDVI,3,ratio_20170804T081559
1514,ratio_min_20170819T082011_NDVI,6,ratio_20170819T082011
1515,ratio_std_20170131T082151_NDVI,2,ratio_20170131T082151
1516,ratio_std_20170210T082051_NDVI,4,ratio_20170210T082051
1517,ratio_std_20170312T082001_NDVI,15,ratio_20170312T082001
1518,ratio_std_20170322T081611_NDVI,5,ratio_20170322T081611
1519,ratio_std_20170531T082011_NDVI,5,ratio_20170531T082011
1520,ratio_std_20170620T082011_NDVI,4,ratio_20170620T082011
1521,ratio_std_20170710T082011_NDVI,12,ratio_20170710T082011
1522,ratio_std_20170715T081609_NDVI,13,ratio_20170715T081609
1523,ratio_std_20170804T081559_NDVI,13,ratio_20170804T081559
1524,ratio_std_20170819T082011_NDVI,1,ratio_20170819T082011
